Workbook

Sheet カテゴリ
A1: 名前 | B1: 切断補正 | C1: 貫通補正 | D1: 打撃補正 | E1: 速度ペナルティ | F1: 種別 | G1: 使用例
A2: 鉱石 | B2: 25 | C2: 25 | D2: 15 | E2: -20 | F2: 鉄鉱石、銀鉱石、魔石 | G2: 武器や防具の基本素材。
A3: 鱗 | B3: 15 | C3: 15 | D3: 15 | E3: -15 | F3: ドラゴンの鱗、水生生物の鱗 | G3: 重装防具、耐久性の高い防具。
A4: 木材 | B4: 5 | C4: 15 | D4: 10 | E4: -10 | F4: アイアンウッド、フレイムウッド | G4: 棒系武器、弓、軽量武器の素材。
A5: 骨 | B5: 10 | C5: 0 | D5: 5 | E5: -5 | F5: 魔獣の骨、大型獣の牙 | G5: 軽量武器、特殊防具、装飾品。
A6: 皮 | B6: 5 | C6: 5 | D6: 5 | E6: -5 | F6: 普通の皮、硬革、魔獣の皮 | G6: 軽装防具、グリップ、補強材。
A7: 布 | B7: 0 | C7: 0 | D7: 0 | E7: 0 | F7: 普通の布、魔法織布 | G7: 軽装防具、バッグ、補助アイテム。
A8: 糸 | F8: 魔力繊維、蜘蛛の糸 | G8: 弦、軽装防具、魔法アイテム。
A9: 宝石 | F9: 魔石、エメラルド | G9: 属性付与、魔法強化、特殊装備。
A10: 液体 | F10: 魔獣の血、特殊な溶液 | G10: ポーション、魔法武器、属性強化。
A11: 特殊 | F11: 星鉄、隕石の欠片 | G11: レア武器や防具、特別な効果の付与。

Sheet 装備品
A1: 名前 | B1: ルビ | C1: 分類 | D1: 素材 | E1: 種別 | F1: 全力 | G1: 切断 | H1: 貫通 | I1: 打撃 | J1: ガード | K1: 射撃 | L1: 属性 | M1: 属性値 | N1: 変動 | O1: Cr率 | P1: Cr威力 | Q1: 回避率 | R1: 命中率 | S1: 射程 | T1: 弾倉 | U1: リロード時間 | V1: 攻撃回数 | W1: 攻撃タイプ | X1: 能力 | Y1: 武器特性 | Z1: 物理軽減 | AA1: 魔法軽減 | AB1: 切断耐性 | AC1: 貫通耐性 | AD1: 打撃耐性 | AE1: 炎耐性 | AF1: 氷耐性 | AG1: 雷耐性 | AH1: 酸耐性 | AI1: 音耐性 | AJ1: 闇耐性 | AK1: 光耐性 | AL1: 善耐性 | AM1: 悪耐性 | AN1: 正耐性 | AO1: 精神耐性 | AP1: 毒耐性 | AQ1: 盲目耐性 | AR1: 幻覚耐性 | AS1: 石化耐性 | AT1: 怯み耐性 | AU1: 拘束耐性 | AV1: 呪い耐性 | AW1: 即死耐性 | AX1: 時間耐性 | AY1: 出血耐性 | AZ1: 疲労耐性 | BA1: 体幹耐性 | BB1: 物理耐性 | BC1: 魔法耐性 | BD1: Cr率耐性 | BE1: Cr威力耐性 | BF1: Lv | BG1: HP | BH1: MP | BI1: ST | BJ1: 攻撃 | BK1: 防御 | BL1: 魔力 | BM1: 精神 | BN1: 速度 | BO1: 命中 | BP1: SIZ | BQ1: APP | BR1: 隠密 | BS1: 感知 | BT1: 威圧 | BU1: 軽業 | BV1: 技術 | BW1: 早業 | BX1: 看破 | BY1: 騙す | BZ1: 知識 | CA1: 鑑定 | CB1: 装置 | CC1: 変装 | CD1: 制作 | CE1: 精神接続 | CF1: 魔法技術 | CG1: 指揮 | CH1: 重量 | CI1: 付与 | CJ1: 能力 | CK1: 能力2 | CL1: 威力 | CM1: 画像url | CN1: 金額 | CO1: 素材の説明 | CP1: 武器の説明 | CQ1: 説明 | CR1: id | CS1: 元金額
A2: - | B2: - | C2: - | D2: - | E2: - | F2: - | G2: - | H2: - | I2: - | J2: - | K2: - | L2: - | M2: - | N2: ダメージの振れ幅 | O2: - | P2: - | Q2: - | R2: - | S2: - | T2: - | U2: - | V2: - | W2: - | X2: - | Y2: - | Z2: - | CR2: ="e_"&ROW(CR2) -> e_2
A3: =D3&"の"&C3 -> 鉄の短刀 | B3: =IFERROR(VLOOKUP($D3,素材!$1:$1016,COLUMN($B$1),FALSE)&"・"&VLOOKUP($C3,武器!$1:$998,COLUMN(B$1),FALSE),"") -> アイアン・ナイフ | C3: 短刀 | D3: 鉄 | E3: =IFERROR(VLOOKUP(C3,武器!$1:$998,COLUMN(C$1),FALSE),"") -> 武器 | F3: =IFERROR(ROUNDDOWN((VLOOKUP($C3,武器!$1:$998,COLUMN(D$1),FALSE)+IFERROR(VLOOKUP($CI3,装強!$1:$999,COLUMN(F$1),FALSE),0))*VLOOKUP($D3,素材!$1:$1016,COLUMN(D$1),FALSE),0),"") -> 100 | G3: =IFERROR(ROUNDDOWN((VLOOKUP($C3,武器!$1:$998,COLUMN(E$1),FALSE)+IFERROR(VLOOKUP($CI3,装強!$1:$999,COLUMN(G$1),FALSE),0))*VLOOKUP($D3,素材!$1:$1016,COLUMN($E$1),FALSE),0),"") -> 10 | H3: =IFERROR(ROUNDDOWN((VLOOKUP($C3,武器!$1:$998,COLUMN(F$1),FALSE)+IFERROR(VLOOKUP($CI3,装強!$1:$999,COLUMN(H$1),FALSE),0))*VLOOKUP($D3,素材!$1:$1016,COLUMN($E$1),FALSE),0),"") -> 8 | I3: =IFERROR(ROUNDDOWN((VLOOKUP($C3,武器!$1:$998,COLUMN(G$1),FALSE)+IFERROR(VLOOKUP($CI3,装強!$1:$999,COLUMN(I$1),FALSE),0))*VLOOKUP($D3,素材!$1:$1016,COLUMN($E$1),FALSE),0),"") -> 2 | J3: =IFERROR(ROUNDDOWN((VLOOKUP($C3,武器!$1:$998,COLUMN(H$1),FALSE)+IFERROR(VLOOKUP($CI3,装強!$1:$999,COLUMN(J$1),FALSE),0))*VLOOKUP($D3,素材!$1:$1016,COLUMN($E$1),FALSE),0),"") -> 13 | K3: =IFERROR(ROUNDDOWN((VLOOKUP($C3,武器!$1:$998,COLUMN(I$1),FALSE)+IFERROR(VLOOKUP($CI3,装強!$1:$999,COLUMN(K$1),FALSE),0))*VLOOKUP($D3,素材!$1:$1016,COLUMN($E$1),FALSE),0),"") -> 0 | L3: =IFERROR(VLOOKUP($D3,素材!$1:$1016,COLUMN($F$1),FALSE),"") -> 0 | M3: =IFERROR(VLOOKUP($C3,武器!$1:$998,COLUMN(AA$1),FALSE)*VLOOKUP($D3,素材!$1:$1016,COLUMN($G$1),FALSE),"") -> 0 | N3: =IFERROR(VLOOKUP($C3,武器!$1:$998,COLUMN(I$1),FALSE),"") -> 0 | O3: =IFERROR((VLOOKUP($C3,武器!$1:$998,COLUMN(K$1),FALSE)+VLOOKUP($D3,素材!$1:$1016,COLUMN(H$1),FALSE))*100+IFERROR(VLOOKUP($CI3,装強!$1:$999,COLUMN(O$1),FALSE),0),"") -> 10 | P3: =IFERROR((VLOOKUP($C3,武器!$1:$998,COLUMN(L$1),FALSE)+VLOOKUP($D3,素材!$1:$1016,COLUMN(I$1),FALSE))*100+IFERROR(VLOOKUP($CI3,装強!$1:$999,COLUMN(P$1),FALSE),0),"") -> 175 | Q3: =IFERROR(ROUNDUP(VLOOKUP($C3,武器!$1:$998,COLUMN(M$1),FALSE)*(VLOOKUP($D3,素材!$1:$1002,COLUMN(D$1),FALSE)/100),1),"") -> 0 | R3: =IFERROR(ROUNDUP(VLOOKUP($C3,武器!$1:$998,COLUMN(N$1),FALSE)*(VLOOKUP($D3,素材!$1:$1002,COLUMN(D$1),FALSE)/100),1),"") -> 0 | S3: =IFERROR(VLOOKUP($C3,武器!$1:$998,COLUMN(P$1),FALSE),"") -> 0 | T3: =IFERROR(VLOOKUP($C3,武器!$1:$998,COLUMN(Q$1),FALSE),"") -> 0 | U3: =IFERROR(VLOOKUP($C3,武器!$1:$998,COLUMN(R$1),FALSE),"") -> 0 | V3: =IFERROR(VLOOKUP($C3,武器!$1:$998,COLUMN(Q$1),FALSE),"") -> 0 | W3: =IFERROR(VLOOKUP($C3,武器!$1:$998,COLUMN(T$1),FALSE),"") -> A | Y3: =IFERROR(VLOOKUP($C3,武器!$1:$998,COLUMN(U$1),FALSE),"") -> 暗殺強化,片手適正Ⅱ | Z3: =IFERROR(ROUNDUP(VLOOKUP($C3,武器!$1:$998,COLUMN(O$1),FALSE)*VLOOKUP($D3,素材!$1:$1016,COLUMN(E$1),FALSE),1),"") -> 0 | AA3: =IF(ISNUMBER(SEARCH(SUBSTITUTE(AA$1,RIGHT(AA$1,2),""),VLOOKUP($D3,素材!$1:$1016,COLUMN($F$1),FALSE))),VLOOKUP($C3,武器!$1:$998,COLUMN($O$1),FALSE)*VLOOKUP($D3,素材!$1:$1016,COLUMN($E$1),FALSE)/(LEN(VLOOKUP($D3,素材!$1:$1016,COLUMN($F$1),FALSE)) - LEN(SUBSTITUTE(VLOOKUP($D3,素材!$1:$1016,COLUMN($F$1),FALSE), "・", 0)) + 1), 0) -> 0 | AB3: =IF(ISNUMBER(SEARCH(SUBSTITUTE(AB$1,RIGHT(AB$1,2),""),VLOOKUP($D3,素材!$1:$1016,COLUMN($F$1),FALSE))),VLOOKUP($C3,武器!$1:$998,COLUMN($O$1),FALSE)*VLOOKUP($D3,素材!$1:$1016,COLUMN($E$1),FALSE)/(LEN(VLOOKUP($D3,素材!$1:$1016,COLUMN($F$1),FALSE)) - LEN(SUBSTITUTE(VLOOKUP($D3,素材!$1:$1016,COLUMN($F$1),FALSE), "・", 0)) + 1), 0) -> 0 | AC3: =IF(ISNUMBER(SEARCH(SUBSTITUTE(AC$1,RIGHT(AC$1,2),""),VLOOKUP($D3,素材!$1:$1016,COLUMN($F$1),FALSE))),VLOOKUP($C3,武器!$1:$998,COLUMN($O$1),FALSE)*VLOOKUP($D3,素材!$1:$1016,COLUMN($E$1),FALSE)/(LEN(VLOOKUP($D3,素材!$1:$1016,COLUMN($F$1),FALSE)) - LEN(SUBSTITUTE(VLOOKUP($D3,素材!$1:$1016,COLUMN($F$1),FALSE), "・", 0)) + 1), 0) -> 0 | AD3: =IF(ISNUMBER(SEARCH(SUBSTITUTE(AD$1,RIGHT(AD$1,2),""),VLOOKUP($D3,素材!$1:$1016,COLUMN($F$1),FALSE))),VLOOKUP($C3,武器!$1:$998,COLUMN($O$1),FALSE)*VLOOKUP($D3,素材!$1:$1016,COLUMN($E$1),FALSE)/(LEN(VLOOKUP($D3,素材!$1:$1016,COLUMN($F$1),FALSE)) - LEN(SUBSTITUTE(VLOOKUP($D3,素材!$1:$1016,COLUMN($F$1),FALSE), "・", 0)) + 1), 0) -> 0 | AE3: =IF(ISNUMBER(SEARCH(SUBSTITUTE(AE$1,RIGHT(AE$1,2),""),VLOOKUP($D3,素材!$1:$1016,COLUMN($F$1),FALSE))),VLOOKUP($C3,武器!$1:$998,COLUMN($O$1),FALSE)*VLOOKUP($D3,素材!$1:$1016,COLUMN($E$1),FALSE)/(LEN(VLOOKUP($D3,素材!$1:$1016,COLUMN($F$1),FALSE)) - LEN(SUBSTITUTE(VLOOKUP($D3,素材!$1:$1016,COLUMN($F$1),FALSE), "・", 0)) + 1), 0) -> 0 | AF3: =IF(ISNUMBER(SEARCH(SUBSTITUTE(AF$1,RIGHT(AF$1,2),""),VLOOKUP($D3,素材!$1:$1016,COLUMN($F$1),FALSE))),VLOOKUP($C3,武器!$1:$998,COLUMN($O$1),FALSE)*VLOOKUP($D3,素材!$1:$1016,COLUMN($E$1),FALSE)/(LEN(VLOOKUP($D3,素材!$1:$1016,COLUMN($F$1),FALSE)) - LEN(SUBSTITUTE(VLOOKUP($D3,素材!$1:$1016,COLUMN($F$1),FALSE), "・", 0)) + 1), 0) -> 0 | AG3: =IF(ISNUMBER(SEARCH(SUBSTITUTE(AG$1,RIGHT(AG$1,2),""),VLOOKUP($D3,素材!$1:$1016,COLUMN($F$1),FALSE))),VLOOKUP($C3,武器!$1:$998,COLUMN($O$1),FALSE)*VLOOKUP($D3,素材!$1:$1016,COLUMN($E$1),FALSE)/(LEN(VLOOKUP($D3,素材!$1:$1016,COLUMN($F$1),FALSE)) - LEN(SUBSTITUTE(VLOOKUP($D3,素材!$1:$1016,COLUMN($F$1),FALSE), "・", 0)) + 1), 0) -> 0 | AH3: =IF(ISNUMBER(SEARCH(SUBSTITUTE(AH$1,RIGHT(AH$1,2),""),VLOOKUP($D3,素材!$1:$1016,COLUMN($F$1),FALSE))),VLOOKUP($C3,武器!$1:$998,COLUMN($O$1),FALSE)*VLOOKUP($D3,素材!$1:$1016,COLUMN($E$1),FALSE)/(LEN(VLOOKUP($D3,素材!$1:$1016,COLUMN($F$1),FALSE)) - LEN(SUBSTITUTE(VLOOKUP($D3,素材!$1:$1016,COLUMN($F$1),FALSE), "・", 0)) + 1), 0) -> 0 | ... BE3: =IF(ISNUMBER(SEARCH(SUBSTITUTE(BE$1,RIGHT(BE$1,2),""),VLOOKUP($D3,素材!$1:$1016,COLUMN($F$1),FALSE))),VLOOKUP($C3,武器!$1:$998,COLUMN($O$1),FALSE)*VLOOKUP($D3,素材!$1:$1016,COLUMN($E$1),FALSE)/(LEN(VLOOKUP($D3,素材!$1:$1016,COLUMN($F$1),FALSE)) - LEN(SUBSTITUTE(VLOOKUP($D3,素材!$1:$1016,COLUMN($F$1),FALSE), "・", 0)) + 1), 0) -> 0 | CL3: =SUM(G3:I3) -> 20 | CM3: =IF(E3="武器",IF(J3-1>SUM(G3:I3),"盾",IF(MAX(G3:I3)=G3,"切断",IF(MAX(G3:I3)=H3,"貫通",IF(MAX(G3:I3)=I3,"打撃","射撃")))),E3)&".webp" -> 切断.webp | CN3: =IFERROR(VLOOKUP($C3,武器!$1:$998,COLUMN(V$1),FALSE)*VLOOKUP($D3,素材!$1:$1016,COLUMN(N$1),FALSE)+IF(CI3="",0,VLOOKUP($CI3,装強!$1:$1008,COLUMN($CK$1),FALSE)),"") -> 200 | CO3: =VLOOKUP(D3,素材!$A:$O,COLUMN(素材!O$1),FALSE) -> 一般的な鉄。量産品を作るのに使用されることが多い | CP3: =VLOOKUP(C3,武器!$A:$W,COLUMN(武器!W$1),FALSE) -> 短刀。暗殺向けの武器で、軽量かつ片手操作に適する。Cr威力が高い | CR3: ="e_"&ROW(CR3) -> e_3 | CS3: =CN3*100 -> 20000
A4: =D4&"の"&C4 -> 鉄の刀 | B4: =IFERROR(VLOOKUP($D4,素材!$1:$1016,COLUMN($B$1),FALSE)&"・"&VLOOKUP($C4,武器!$1:$998,COLUMN(B$1),FALSE),"") -> アイアン・カタナ | C4: 刀 | D4: 鉄 | E4: =IFERROR(VLOOKUP(C4,武器!$1:$998,COLUMN(C$1),FALSE),"") -> 武器 | F4: =IFERROR(ROUNDDOWN((VLOOKUP($C4,武器!$1:$998,COLUMN(D$1),FALSE)+IFERROR(VLOOKUP($CI4,装強!$1:$999,COLUMN(F$1),FALSE),0))*VLOOKUP($D4,素材!$1:$1016,COLUMN(D$1),FALSE),0),"") -> 105 | G4: =IFERROR(ROUNDDOWN((VLOOKUP($C4,武器!$1:$998,COLUMN(E$1),FALSE)+IFERROR(VLOOKUP($CI4,装強!$1:$999,COLUMN(G$1),FALSE),0))*VLOOKUP($D4,素材!$1:$1016,COLUMN($E$1),FALSE),0),"") -> 14 | H4: =IFERROR(ROUNDDOWN((VLOOKUP($C4,武器!$1:$998,COLUMN(F$1),FALSE)+IFERROR(VLOOKUP($CI4,装強!$1:$999,COLUMN(H$1),FALSE),0))*VLOOKUP($D4,素材!$1:$1016,COLUMN($E$1),FALSE),0),"") -> 8 | I4: =IFERROR(ROUNDDOWN((VLOOKUP($C4,武器!$1:$998,COLUMN(G$1),FALSE)+IFERROR(VLOOKUP($CI4,装強!$1:$999,COLUMN(I$1),FALSE),0))*VLOOKUP($D4,素材!$1:$1016,COLUMN($E$1),FALSE),0),"") -> 2 | J4: =IFERROR(ROUNDDOWN((VLOOKUP($C4,武器!$1:$998,COLUMN(H$1),FALSE)+IFERROR(VLOOKUP($CI4,装強!$1:$999,COLUMN(J$1),FALSE),0))*VLOOKUP($D4,素材!$1:$1016,COLUMN($E$1),FALSE),0),"") -> 17 | K4: =IFERROR(ROUNDDOWN((VLOOKUP($C4,武器!$1:$998,COLUMN(I$1),FALSE)+IFERROR(VLOOKUP($CI4,装強!$1:$999,COLUMN(K$1),FALSE),0))*VLOOKUP($D4,素材!$1:$1016,COLUMN($E$1),FALSE),0),"") -> 0 | L4: =IFERROR(VLOOKUP($D4,素材!$1:$1016,COLUMN($F$1),FALSE),"") -> 0 | M4: =IFERROR(VLOOKUP($C4,武器!$1:$998,COLUMN(AA$1),FALSE)*VLOOKUP($D4,素材!$1:$1016,COLUMN($G$1),FALSE),"") -> 0 | N4: =IFERROR(VLOOKUP($C4,武器!$1:$998,COLUMN(I$1),FALSE),"") -> 0 | O4: =IFERROR((VLOOKUP($C4,武器!$1:$998,COLUMN(K$1),FALSE)+VLOOKUP($D4,素材!$1:$1016,COLUMN(H$1),FALSE))*100+IFERROR(VLOOKUP($CI4,装強!$1:$999,COLUMN(O$1),FALSE),0),"") -> 10 | P4: =IFERROR((VLOOKUP($C4,武器!$1:$998,COLUMN(L$1),FALSE)+VLOOKUP($D4,素材!$1:$1016,COLUMN(I$1),FALSE))*100+IFERROR(VLOOKUP($CI4,装強!$1:$999,COLUMN(P$1),FALSE),0),"") -> 175 | Q4: =IFERROR(ROUNDUP(VLOOKUP($C4,武器!$1:$998,COLUMN(M$1),FALSE)*(VLOOKUP($D4,素材!$1:$1002,COLUMN(D$1),FALSE)/100),1),"") -> 0 | R4: =IFERROR(ROUNDUP(VLOOKUP($C4,武器!$1:$998,COLUMN(N$1),FALSE)*(VLOOKUP($D4,素材!$1:$1002,COLUMN(D$1),FALSE)/100),1),"") -> 0 | S4: =IFERROR(VLOOKUP($C4,武器!$1:$998,COLUMN(P$1),FALSE),"") -> 0 | T4: =IFERROR(VLOOKUP($C4,武器!$1:$998,COLUMN(Q$1),FALSE),"") -> 0 | U4: =IFERROR(VLOOKUP($C4,武器!$1:$998,COLUMN(R$1),FALSE),"") -> 0 | V4: =IFERROR(VLOOKUP($C4,武器!$1:$998,COLUMN(Q$1),FALSE),"") -> 0 | W4: =IFERROR(VLOOKUP($C4,武器!$1:$998,COLUMN(T$1),FALSE),"") -> A | Y4: =IFERROR(VLOOKUP($C4,武器!$1:$998,COLUMN(U$1),FALSE),"") -> 0 | Z4: =IFERROR(ROUNDUP(VLOOKUP($C4,武器!$1:$998,COLUMN(O$1),FALSE)*VLOOKUP($D4,素材!$1:$1016,COLUMN(E$1),FALSE),1),"") -> 0 | AA4: =IF(ISNUMBER(SEARCH(SUBSTITUTE(AA$1,RIGHT(AA$1,2),""),VLOOKUP($D4,素材!$1:$1016,COLUMN($F$1),FALSE))),VLOOKUP($C4,武器!$1:$998,COLUMN($O$1),FALSE)*VLOOKUP($D4,素材!$1:$1016,COLUMN($E$1),FALSE)/(LEN(VLOOKUP($D4,素材!$1:$1016,COLUMN($F$1),FALSE)) - LEN(SUBSTITUTE(VLOOKUP($D4,素材!$1:$1016,COLUMN($F$1),FALSE), "・", 0)) + 1), 0) -> 0 | AB4: =IF(ISNUMBER(SEARCH(SUBSTITUTE(AB$1,RIGHT(AB$1,2),""),VLOOKUP($D4,素材!$1:$1016,COLUMN($F$1),FALSE))),VLOOKUP($C4,武器!$1:$998,COLUMN($O$1),FALSE)*VLOOKUP($D4,素材!$1:$1016,COLUMN($E$1),FALSE)/(LEN(VLOOKUP($D4,素材!$1:$1016,COLUMN($F$1),FALSE)) - LEN(SUBSTITUTE(VLOOKUP($D4,素材!$1:$1016,COLUMN($F$1),FALSE), "・", 0)) + 1), 0) -> 0 | AC4: =IF(ISNUMBER(SEARCH(SUBSTITUTE(AC$1,RIGHT(AC$1,2),""),VLOOKUP($D4,素材!$1:$1016,COLUMN($F$1),FALSE))),VLOOKUP($C4,武器!$1:$998,COLUMN($O$1),FALSE)*VLOOKUP($D4,素材!$1:$1016,COLUMN($E$1),FALSE)/(LEN(VLOOKUP($D4,素材!$1:$1016,COLUMN($F$1),FALSE)) - LEN(SUBSTITUTE(VLOOKUP($D4,素材!$1:$1016,COLUMN($F$1),FALSE), "・", 0)) + 1), 0) -> 0 | AD4: =IF(ISNUMBER(SEARCH(SUBSTITUTE(AD$1,RIGHT(AD$1,2),""),VLOOKUP($D4,素材!$1:$1016,COLUMN($F$1),FALSE))),VLOOKUP($C4,武器!$1:$998,COLUMN($O$1),FALSE)*VLOOKUP($D4,素材!$1:$1016,COLUMN($E$1),FALSE)/(LEN(VLOOKUP($D4,素材!$1:$1016,COLUMN($F$1),FALSE)) - LEN(SUBSTITUTE(VLOOKUP($D4,素材!$1:$1016,COLUMN($F$1),FALSE), "・", 0)) + 1), 0) -> 0 | AE4: =IF(ISNUMBER(SEARCH(SUBSTITUTE(AE$1,RIGHT(AE$1,2),""),VLOOKUP($D4,素材!$1:$1016,COLUMN($F$1),FALSE))),VLOOKUP($C4,武器!$1:$998,COLUMN($O$1),FALSE)*VLOOKUP($D4,素材!$1:$1016,COLUMN($E$1),FALSE)/(LEN(VLOOKUP($D4,素材!$1:$1016,COLUMN($F$1),FALSE)) - LEN(SUBSTITUTE(VLOOKUP($D4,素材!$1:$1016,COLUMN($F$1),FALSE), "・", 0)) + 1), 0) -> 0 | AF4: =IF(ISNUMBER(SEARCH(SUBSTITUTE(AF$1,RIGHT(AF$1,2),""),VLOOKUP($D4,素材!$1:$1016,COLUMN($F$1),FALSE))),VLOOKUP($C4,武器!$1:$998,COLUMN($O$1),FALSE)*VLOOKUP($D4,素材!$1:$1016,COLUMN($E$1),FALSE)/(LEN(VLOOKUP($D4,素材!$1:$1016,COLUMN($F$1),FALSE)) - LEN(SUBSTITUTE(VLOOKUP($D4,素材!$1:$1016,COLUMN($F$1),FALSE), "・", 0)) + 1), 0) -> 0 | AG4: =IF(ISNUMBER(SEARCH(SUBSTITUTE(AG$1,RIGHT(AG$1,2),""),VLOOKUP($D4,素材!$1:$1016,COLUMN($F$1),FALSE))),VLOOKUP($C4,武器!$1:$998,COLUMN($O$1),FALSE)*VLOOKUP($D4,素材!$1:$1016,COLUMN($E$1),FALSE)/(LEN(VLOOKUP($D4,素材!$1:$1016,COLUMN($F$1),FALSE)) - LEN(SUBSTITUTE(VLOOKUP($D4,素材!$1:$1016,COLUMN($F$1),FALSE), "・", 0)) + 1), 0) -> 0 | AH4: =IF(ISNUMBER(SEARCH(SUBSTITUTE(AH$1,RIGHT(AH$1,2),""),VLOOKUP($D4,素材!$1:$1016,COLUMN($F$1),FALSE))),VLOOKUP($C4,武器!$1:$998,COLUMN($O$1),FALSE)*VLOOKUP($D4,素材!$1:$1016,COLUMN($E$1),FALSE)/(LEN(VLOOKUP($D4,素材!$1:$1016,COLUMN($F$1),FALSE)) - LEN(SUBSTITUTE(VLOOKUP($D4,素材!$1:$1016,COLUMN($F$1),FALSE), "・", 0)) + 1), 0) -> 0 | ... BE4: =IF(ISNUMBER(SEARCH(SUBSTITUTE(BE$1,RIGHT(BE$1,2),""),VLOOKUP($D4,素材!$1:$1016,COLUMN($F$1),FALSE))),VLOOKUP($C4,武器!$1:$998,COLUMN($O$1),FALSE)*VLOOKUP($D4,素材!$1:$1016,COLUMN($E$1),FALSE)/(LEN(VLOOKUP($D4,素材!$1:$1016,COLUMN($F$1),FALSE)) - LEN(SUBSTITUTE(VLOOKUP($D4,素材!$1:$1016,COLUMN($F$1),FALSE), "・", 0)) + 1), 0) -> 0 | CL4: =SUM(G4:I4) -> 24 | CM4: =IF(E4="武器",IF(J4-1>SUM(G4:I4),"盾",IF(MAX(G4:I4)=G4,"切断",IF(MAX(G4:I4)=H4,"貫通",IF(MAX(G4:I4)=I4,"打撃","射撃")))),E4)&".webp" -> 切断.webp | CN4: =IFERROR(VLOOKUP($C4,武器!$1:$998,COLUMN(V$1),FALSE)*VLOOKUP($D4,素材!$1:$1016,COLUMN(N$1),FALSE)+IF(CI4="",0,VLOOKUP($CI4,装強!$1:$1008,COLUMN($CK$1),FALSE)),"") -> 400 | CO4: =VLOOKUP(D4,素材!$A:$O,COLUMN(素材!O$1),FALSE) -> 一般的な鉄。量産品を作るのに使用されることが多い | CP4: =VLOOKUP(C4,武器!$A:$W,COLUMN(武器!W$1),FALSE) -> 刀。切断力に優れた武器で、Cr威力が高い | CR4: ="e_"&ROW(CR4) -> e_4 | CS4: =CN4*100 -> 40000
A5: =D5&"の"&C5 -> 鉄の剣 | B5: =IFERROR(VLOOKUP($D5,素材!$1:$1016,COLUMN($B$1),FALSE)&"・"&VLOOKUP($C5,武器!$1:$998,COLUMN(B$1),FALSE),"") -> アイアン・ソード | C5: 剣 | D5: 鉄 | E5: =IFERROR(VLOOKUP(C5,武器!$1:$998,COLUMN(C$1),FALSE),"") -> 武器 | F5: =IFERROR(ROUNDDOWN((VLOOKUP($C5,武器!$1:$998,COLUMN(D$1),FALSE)+IFERROR(VLOOKUP($CI5,装強!$1:$999,COLUMN(F$1),FALSE),0))*VLOOKUP($D5,素材!$1:$1016,COLUMN(D$1),FALSE),0),"") -> 100 | G5: =IFERROR(ROUNDDOWN((VLOOKUP($C5,武器!$1:$998,COLUMN(E$1),FALSE)+IFERROR(VLOOKUP($CI5,装強!$1:$999,COLUMN(G$1),FALSE),0))*VLOOKUP($D5,素材!$1:$1016,COLUMN($E$1),FALSE),0),"") -> 12 | H5: =IFERROR(ROUNDDOWN((VLOOKUP($C5,武器!$1:$998,COLUMN(F$1),FALSE)+IFERROR(VLOOKUP($CI5,装強!$1:$999,COLUMN(H$1),FALSE),0))*VLOOKUP($D5,素材!$1:$1016,COLUMN($E$1),FALSE),0),"") -> 9 | I5: =IFERROR(ROUNDDOWN((VLOOKUP($C5,武器!$1:$998,COLUMN(G$1),FALSE)+IFERROR(VLOOKUP($CI5,装強!$1:$999,COLUMN(I$1),FALSE),0))*VLOOKUP($D5,素材!$1:$1016,COLUMN($E$1),FALSE),0),"") -> 3 | J5: =IFERROR(ROUNDDOWN((VLOOKUP($C5,武器!$1:$998,COLUMN(H$1),FALSE)+IFERROR(VLOOKUP($CI5,装強!$1:$999,COLUMN(J$1),FALSE),0))*VLOOKUP($D5,素材!$1:$1016,COLUMN($E$1),FALSE),0),"") -> 19 | K5: =IFERROR(ROUNDDOWN((VLOOKUP($C5,武器!$1:$998,COLUMN(I$1),FALSE)+IFERROR(VLOOKUP($CI5,装強!$1:$999,COLUMN(K$1),FALSE),0))*VLOOKUP($D5,素材!$1:$1016,COLUMN($E$1),FALSE),0),"") -> 0 | L5: =IFERROR(VLOOKUP($D5,素材!$1:$1016,COLUMN($F$1),FALSE),"") -> 0 | M5: =IFERROR(VLOOKUP($C5,武器!$1:$998,COLUMN(AA$1),FALSE)*VLOOKUP($D5,素材!$1:$1016,COLUMN($G$1),FALSE),"") -> 0 | N5: =IFERROR(VLOOKUP($C5,武器!$1:$998,COLUMN(I$1),FALSE),"") -> 0 | O5: =IFERROR((VLOOKUP($C5,武器!$1:$998,COLUMN(K$1),FALSE)+VLOOKUP($D5,素材!$1:$1016,COLUMN(H$1),FALSE))*100+IFERROR(VLOOKUP($CI5,装強!$1:$999,COLUMN(O$1),FALSE),0),"") -> 10 | P5: =IFERROR((VLOOKUP($C5,武器!$1:$998,COLUMN(L$1),FALSE)+VLOOKUP($D5,素材!$1:$1016,COLUMN(I$1),FALSE))*100+IFERROR(VLOOKUP($CI5,装強!$1:$999,COLUMN(P$1),FALSE),0),"") -> 150 | Q5: =IFERROR(ROUNDUP(VLOOKUP($C5,武器!$1:$998,COLUMN(M$1),FALSE)*(VLOOKUP($D5,素材!$1:$1002,COLUMN(D$1),FALSE)/100),1),"") -> 0 | R5: =IFERROR(ROUNDUP(VLOOKUP($C5,武器!$1:$998,COLUMN(N$1),FALSE)*(VLOOKUP($D5,素材!$1:$1002,COLUMN(D$1),FALSE)/100),1),"") -> 0 | S5: =IFERROR(VLOOKUP($C5,武器!$1:$998,COLUMN(P$1),FALSE),"") -> 0 | T5: =IFERROR(VLOOKUP($C5,武器!$1:$998,COLUMN(Q$1),FALSE),"") -> 0 | U5: =IFERROR(VLOOKUP($C5,武器!$1:$998,COLUMN(R$1),FALSE),"") -> 0 | V5: =IFERROR(VLOOKUP($C5,武器!$1:$998,COLUMN(Q$1),FALSE),"") -> 0 | W5: =IFERROR(VLOOKUP($C5,武器!$1:$998,COLUMN(T$1),FALSE),"") -> A | Y5: =IFERROR(VLOOKUP($C5,武器!$1:$998,COLUMN(U$1),FALSE),"") -> 片手適正Ⅰ | Z5: =IFERROR(ROUNDUP(VLOOKUP($C5,武器!$1:$998,COLUMN(O$1),FALSE)*VLOOKUP($D5,素材!$1:$1016,COLUMN(E$1),FALSE),1),"") -> 0 | AA5: =IF(ISNUMBER(SEARCH(SUBSTITUTE(AA$1,RIGHT(AA$1,2),""),VLOOKUP($D5,素材!$1:$1016,COLUMN($F$1),FALSE))),VLOOKUP($C5,武器!$1:$998,COLUMN($O$1),FALSE)*VLOOKUP($D5,素材!$1:$1016,COLUMN($E$1),FALSE)/(LEN(VLOOKUP($D5,素材!$1:$1016,COLUMN($F$1),FALSE)) - LEN(SUBSTITUTE(VLOOKUP($D5,素材!$1:$1016,COLUMN($F$1),FALSE), "・", 0)) + 1), 0) -> 0 | AB5: =IF(ISNUMBER(SEARCH(SUBSTITUTE(AB$1,RIGHT(AB$1,2),""),VLOOKUP($D5,素材!$1:$1016,COLUMN($F$1),FALSE))),VLOOKUP($C5,武器!$1:$998,COLUMN($O$1),FALSE)*VLOOKUP($D5,素材!$1:$1016,COLUMN($E$1),FALSE)/(LEN(VLOOKUP($D5,素材!$1:$1016,COLUMN($F$1),FALSE)) - LEN(SUBSTITUTE(VLOOKUP($D5,素材!$1:$1016,COLUMN($F$1),FALSE), "・", 0)) + 1), 0) -> 0 | AC5: =IF(ISNUMBER(SEARCH(SUBSTITUTE(AC$1,RIGHT(AC$1,2),""),VLOOKUP($D5,素材!$1:$1016,COLUMN($F$1),FALSE))),VLOOKUP($C5,武器!$1:$998,COLUMN($O$1),FALSE)*VLOOKUP($D5,素材!$1:$1016,COLUMN($E$1),FALSE)/(LEN(VLOOKUP($D5,素材!$1:$1016,COLUMN($F$1),FALSE)) - LEN(SUBSTITUTE(VLOOKUP($D5,素材!$1:$1016,COLUMN($F$1),FALSE), "・", 0)) + 1), 0) -> 0 | AD5: =IF(ISNUMBER(SEARCH(SUBSTITUTE(AD$1,RIGHT(AD$1,2),""),VLOOKUP($D5,素材!$1:$1016,COLUMN($F$1),FALSE))),VLOOKUP($C5,武器!$1:$998,COLUMN($O$1),FALSE)*VLOOKUP($D5,素材!$1:$1016,COLUMN($E$1),FALSE)/(LEN(VLOOKUP($D5,素材!$1:$1016,COLUMN($F$1),FALSE)) - LEN(SUBSTITUTE(VLOOKUP($D5,素材!$1:$1016,COLUMN($F$1),FALSE), "・", 0)) + 1), 0) -> 0 | AE5: =IF(ISNUMBER(SEARCH(SUBSTITUTE(AE$1,RIGHT(AE$1,2),""),VLOOKUP($D5,素材!$1:$1016,COLUMN($F$1),FALSE))),VLOOKUP($C5,武器!$1:$998,COLUMN($O$1),FALSE)*VLOOKUP($D5,素材!$1:$1016,COLUMN($E$1),FALSE)/(LEN(VLOOKUP($D5,素材!$1:$1016,COLUMN($F$1),FALSE)) - LEN(SUBSTITUTE(VLOOKUP($D5,素材!$1:$1016,COLUMN($F$1),FALSE), "・", 0)) + 1), 0) -> 0 | AF5: =IF(ISNUMBER(SEARCH(SUBSTITUTE(AF$1,RIGHT(AF$1,2),""),VLOOKUP($D5,素材!$1:$1016,COLUMN($F$1),FALSE))),VLOOKUP($C5,武器!$1:$998,COLUMN($O$1),FALSE)*VLOOKUP($D5,素材!$1:$1016,COLUMN($E$1),FALSE)/(LEN(VLOOKUP($D5,素材!$1:$1016,COLUMN($F$1),FALSE)) - LEN(SUBSTITUTE(VLOOKUP($D5,素材!$1:$1016,COLUMN($F$1),FALSE), "・", 0)) + 1), 0) -> 0 | AG5: =IF(ISNUMBER(SEARCH(SUBSTITUTE(AG$1,RIGHT(AG$1,2),""),VLOOKUP($D5,素材!$1:$1016,COLUMN($F$1),FALSE))),VLOOKUP($C5,武器!$1:$998,COLUMN($O$1),FALSE)*VLOOKUP($D5,素材!$1:$1016,COLUMN($E$1),FALSE)/(LEN(VLOOKUP($D5,素材!$1:$1016,COLUMN($F$1),FALSE)) - LEN(SUBSTITUTE(VLOOKUP($D5,素材!$1:$1016,COLUMN($F$1),FALSE), "・", 0)) + 1), 0) -> 0 | AH5: =IF(ISNUMBER(SEARCH(SUBSTITUTE(AH$1,RIGHT(AH$1,2),""),VLOOKUP($D5,素材!$1:$1016,COLUMN($F$1),FALSE))),VLOOKUP($C5,武器!$1:$998,COLUMN($O$1),FALSE)*VLOOKUP($D5,素材!$1:$1016,COLUMN($E$1),FALSE)/(LEN(VLOOKUP($D5,素材!$1:$1016,COLUMN($F$1),FALSE)) - LEN(SUBSTITUTE(VLOOKUP($D5,素材!$1:$1016,COLUMN($F$1),FALSE), "・", 0)) + 1), 0) -> 0 | ... BE5: =IF(ISNUMBER(SEARCH(SUBSTITUTE(BE$1,RIGHT(BE$1,2),""),VLOOKUP($D5,素材!$1:$1016,COLUMN($F$1),FALSE))),VLOOKUP($C5,武器!$1:$998,COLUMN($O$1),FALSE)*VLOOKUP($D5,素材!$1:$1016,COLUMN($E$1),FALSE)/(LEN(VLOOKUP($D5,素材!$1:$1016,COLUMN($F$1),FALSE)) - LEN(SUBSTITUTE(VLOOKUP($D5,素材!$1:$1016,COLUMN($F$1),FALSE), "・", 0)) + 1), 0) -> 0 | CL5: =SUM(G5:I5) -> 24 | CM5: =IF(E5="武器",IF(J5-1>SUM(G5:I5),"盾",IF(MAX(G5:I5)=G5,"切断",IF(MAX(G5:I5)=H5,"貫通",IF(MAX(G5:I5)=I5,"打撃","射撃")))),E5)&".webp" -> 切断.webp | CN5: =IFERROR(VLOOKUP($C5,武器!$1:$998,COLUMN(V$1),FALSE)*VLOOKUP($D5,素材!$1:$1016,COLUMN(N$1),FALSE)+IF(CI5="",0,VLOOKUP($CI5,装強!$1:$1008,COLUMN($CK$1),FALSE)),"") -> 300 | CO5: =VLOOKUP(D5,素材!$A:$O,COLUMN(素材!O$1),FALSE) -> 一般的な鉄。量産品を作るのに使用されることが多い | CP5: =VLOOKUP(C5,武器!$A:$W,COLUMN(武器!W$1),FALSE) -> 剣。短い剣で片手で扱いやすく、初心者向けの武器。 | CR5: ="e_"&ROW(CR5) -> e_5 | CS5: =CN5*100 -> 30000
A6: =D6&"の"&C6 -> 鉄の広剣 | B6: =IFERROR(VLOOKUP($D6,素材!$1:$1016,COLUMN($B$1),FALSE)&"・"&VLOOKUP($C6,武器!$1:$998,COLUMN(B$1),FALSE),"") -> アイアン・ブロードソード | C6: 広剣 | D6: 鉄 | E6: =IFERROR(VLOOKUP(C6,武器!$1:$998,COLUMN(C$1),FALSE),"") -> 武器 | F6: =IFERROR(ROUNDDOWN((VLOOKUP($C6,武器!$1:$998,COLUMN(D$1),FALSE)+IFERROR(VLOOKUP($CI6,装強!$1:$999,COLUMN(F$1),FALSE),0))*VLOOKUP($D6,素材!$1:$1016,COLUMN(D$1),FALSE),0),"") -> 110 | G6: =IFERROR(ROUNDDOWN((VLOOKUP($C6,武器!$1:$998,COLUMN(E$1),FALSE)+IFERROR(VLOOKUP($CI6,装強!$1:$999,COLUMN(G$1),FALSE),0))*VLOOKUP($D6,素材!$1:$1016,COLUMN($E$1),FALSE),0),"") -> 12 | H6: =IFERROR(ROUNDDOWN((VLOOKUP($C6,武器!$1:$998,COLUMN(F$1),FALSE)+IFERROR(VLOOKUP($CI6,装強!$1:$999,COLUMN(H$1),FALSE),0))*VLOOKUP($D6,素材!$1:$1016,COLUMN($E$1),FALSE),0),"") -> 8 | I6: =IFERROR(ROUNDDOWN((VLOOKUP($C6,武器!$1:$998,COLUMN(G$1),FALSE)+IFERROR(VLOOKUP($CI6,装強!$1:$999,COLUMN(I$1),FALSE),0))*VLOOKUP($D6,素材!$1:$1016,COLUMN($E$1),FALSE),0),"") -> 3 | J6: =IFERROR(ROUNDDOWN((VLOOKUP($C6,武器!$1:$998,COLUMN(H$1),FALSE)+IFERROR(VLOOKUP($CI6,装強!$1:$999,COLUMN(J$1),FALSE),0))*VLOOKUP($D6,素材!$1:$1016,COLUMN($E$1),FALSE),0),"") -> 23 | K6: =IFERROR(ROUNDDOWN((VLOOKUP($C6,武器!$1:$998,COLUMN(I$1),FALSE)+IFERROR(VLOOKUP($CI6,装強!$1:$999,COLUMN(K$1),FALSE),0))*VLOOKUP($D6,素材!$1:$1016,COLUMN($E$1),FALSE),0),"") -> 0 | L6: =IFERROR(VLOOKUP($D6,素材!$1:$1016,COLUMN($F$1),FALSE),"") -> 0 | M6: =IFERROR(VLOOKUP($C6,武器!$1:$998,COLUMN(AA$1),FALSE)*VLOOKUP($D6,素材!$1:$1016,COLUMN($G$1),FALSE),"") -> 0 | N6: =IFERROR(VLOOKUP($C6,武器!$1:$998,COLUMN(I$1),FALSE),"") -> 0 | O6: =IFERROR((VLOOKUP($C6,武器!$1:$998,COLUMN(K$1),FALSE)+VLOOKUP($D6,素材!$1:$1016,COLUMN(H$1),FALSE))*100+IFERROR(VLOOKUP($CI6,装強!$1:$999,COLUMN(O$1),FALSE),0),"") -> 10 | P6: =IFERROR((VLOOKUP($C6,武器!$1:$998,COLUMN(L$1),FALSE)+VLOOKUP($D6,素材!$1:$1016,COLUMN(I$1),FALSE))*100+IFERROR(VLOOKUP($CI6,装強!$1:$999,COLUMN(P$1),FALSE),0),"") -> 150 | Q6: =IFERROR(ROUNDUP(VLOOKUP($C6,武器!$1:$998,COLUMN(M$1),FALSE)*(VLOOKUP($D6,素材!$1:$1002,COLUMN(D$1),FALSE)/100),1),"") -> -2.5 | R6: =IFERROR(ROUNDUP(VLOOKUP($C6,武器!$1:$998,COLUMN(N$1),FALSE)*(VLOOKUP($D6,素材!$1:$1002,COLUMN(D$1),FALSE)/100),1),"") -> -2.5 | S6: =IFERROR(VLOOKUP($C6,武器!$1:$998,COLUMN(P$1),FALSE),"") -> 0 | T6: =IFERROR(VLOOKUP($C6,武器!$1:$998,COLUMN(Q$1),FALSE),"") -> 0 | U6: =IFERROR(VLOOKUP($C6,武器!$1:$998,COLUMN(R$1),FALSE),"") -> 0 | V6: =IFERROR(VLOOKUP($C6,武器!$1:$998,COLUMN(Q$1),FALSE),"") -> 0 | W6: =IFERROR(VLOOKUP($C6,武器!$1:$998,COLUMN(T$1),FALSE),"") -> A | Y6: =IFERROR(VLOOKUP($C6,武器!$1:$998,COLUMN(U$1),FALSE),"") -> 0 | Z6: =IFERROR(ROUNDUP(VLOOKUP($C6,武器!$1:$998,COLUMN(O$1),FALSE)*VLOOKUP($D6,素材!$1:$1016,COLUMN(E$1),FALSE),1),"") -> 0 | AA6: =IF(ISNUMBER(SEARCH(SUBSTITUTE(AA$1,RIGHT(AA$1,2),""),VLOOKUP($D6,素材!$1:$1016,COLUMN($F$1),FALSE))),VLOOKUP($C6,武器!$1:$998,COLUMN($O$1),FALSE)*VLOOKUP($D6,素材!$1:$1016,COLUMN($E$1),FALSE)/(LEN(VLOOKUP($D6,素材!$1:$1016,COLUMN($F$1),FALSE)) - LEN(SUBSTITUTE(VLOOKUP($D6,素材!$1:$1016,COLUMN($F$1),FALSE), "・", 0)) + 1), 0) -> 0 | AB6: =IF(ISNUMBER(SEARCH(SUBSTITUTE(AB$1,RIGHT(AB$1,2),""),VLOOKUP($D6,素材!$1:$1016,COLUMN($F$1),FALSE))),VLOOKUP($C6,武器!$1:$998,COLUMN($O$1),FALSE)*VLOOKUP($D6,素材!$1:$1016,COLUMN($E$1),FALSE)/(LEN(VLOOKUP($D6,素材!$1:$1016,COLUMN($F$1),FALSE)) - LEN(SUBSTITUTE(VLOOKUP($D6,素材!$1:$1016,COLUMN($F$1),FALSE), "・", 0)) + 1), 0) -> 0 | AC6: =IF(ISNUMBER(SEARCH(SUBSTITUTE(AC$1,RIGHT(AC$1,2),""),VLOOKUP($D6,素材!$1:$1016,COLUMN($F$1),FALSE))),VLOOKUP($C6,武器!$1:$998,COLUMN($O$1),FALSE)*VLOOKUP($D6,素材!$1:$1016,COLUMN($E$1),FALSE)/(LEN(VLOOKUP($D6,素材!$1:$1016,COLUMN($F$1),FALSE)) - LEN(SUBSTITUTE(VLOOKUP($D6,素材!$1:$1016,COLUMN($F$1),FALSE), "・", 0)) + 1), 0) -> 0 | AD6: =IF(ISNUMBER(SEARCH(SUBSTITUTE(AD$1,RIGHT(AD$1,2),""),VLOOKUP($D6,素材!$1:$1016,COLUMN($F$1),FALSE))),VLOOKUP($C6,武器!$1:$998,COLUMN($O$1),FALSE)*VLOOKUP($D6,素材!$1:$1016,COLUMN($E$1),FALSE)/(LEN(VLOOKUP($D6,素材!$1:$1016,COLUMN($F$1),FALSE)) - LEN(SUBSTITUTE(VLOOKUP($D6,素材!$1:$1016,COLUMN($F$1),FALSE), "・", 0)) + 1), 0) -> 0 | AE6: =IF(ISNUMBER(SEARCH(SUBSTITUTE(AE$1,RIGHT(AE$1,2),""),VLOOKUP($D6,素材!$1:$1016,COLUMN($F$1),FALSE))),VLOOKUP($C6,武器!$1:$998,COLUMN($O$1),FALSE)*VLOOKUP($D6,素材!$1:$1016,COLUMN($E$1),FALSE)/(LEN(VLOOKUP($D6,素材!$1:$1016,COLUMN($F$1),FALSE)) - LEN(SUBSTITUTE(VLOOKUP($D6,素材!$1:$1016,COLUMN($F$1),FALSE), "・", 0)) + 1), 0) -> 0 | AF6: =IF(ISNUMBER(SEARCH(SUBSTITUTE(AF$1,RIGHT(AF$1,2),""),VLOOKUP($D6,素材!$1:$1016,COLUMN($F$1),FALSE))),VLOOKUP($C6,武器!$1:$998,COLUMN($O$1),FALSE)*VLOOKUP($D6,素材!$1:$1016,COLUMN($E$1),FALSE)/(LEN(VLOOKUP($D6,素材!$1:$1016,COLUMN($F$1),FALSE)) - LEN(SUBSTITUTE(VLOOKUP($D6,素材!$1:$1016,COLUMN($F$1),FALSE), "・", 0)) + 1), 0) -> 0 | AG6: =IF(ISNUMBER(SEARCH(SUBSTITUTE(AG$1,RIGHT(AG$1,2),""),VLOOKUP($D6,素材!$1:$1016,COLUMN($F$1),FALSE))),VLOOKUP($C6,武器!$1:$998,COLUMN($O$1),FALSE)*VLOOKUP($D6,素材!$1:$1016,COLUMN($E$1),FALSE)/(LEN(VLOOKUP($D6,素材!$1:$1016,COLUMN($F$1),FALSE)) - LEN(SUBSTITUTE(VLOOKUP($D6,素材!$1:$1016,COLUMN($F$1),FALSE), "・", 0)) + 1), 0) -> 0 | AH6: =IF(ISNUMBER(SEARCH(SUBSTITUTE(AH$1,RIGHT(AH$1,2),""),VLOOKUP($D6,素材!$1:$1016,COLUMN($F$1),FALSE))),VLOOKUP($C6,武器!$1:$998,COLUMN($O$1),FALSE)*VLOOKUP($D6,素材!$1:$1016,COLUMN($E$1),FALSE)/(LEN(VLOOKUP($D6,素材!$1:$1016,COLUMN($F$1),FALSE)) - LEN(SUBSTITUTE(VLOOKUP($D6,素材!$1:$1016,COLUMN($F$1),FALSE), "・", 0)) + 1), 0) -> 0 | ... BE6: =IF(ISNUMBER(SEARCH(SUBSTITUTE(BE$1,RIGHT(BE$1,2),""),VLOOKUP($D6,素材!$1:$1016,COLUMN($F$1),FALSE))),VLOOKUP($C6,武器!$1:$998,COLUMN($O$1),FALSE)*VLOOKUP($D6,素材!$1:$1016,COLUMN($E$1),FALSE)/(LEN(VLOOKUP($D6,素材!$1:$1016,COLUMN($F$1),FALSE)) - LEN(SUBSTITUTE(VLOOKUP($D6,素材!$1:$1016,COLUMN($F$1),FALSE), "・", 0)) + 1), 0) -> 0 | CL6: =SUM(G6:I6) -> 23 | CM6: =IF(E6="武器",IF(J6-1>SUM(G6:I6),"盾",IF(MAX(G6:I6)=G6,"切断",IF(MAX(G6:I6)=H6,"貫通",IF(MAX(G6:I6)=I6,"打撃","射撃")))),E6)&".webp" -> 切断.webp | CN6: =IFERROR(VLOOKUP($C6,武器!$1:$998,COLUMN(V$1),FALSE)*VLOOKUP($D6,素材!$1:$1016,COLUMN(N$1),FALSE)+IF(CI6="",0,VLOOKUP($CI6,装強!$1:$1008,COLUMN($CK$1),FALSE)),"") -> 400 | CO6: =VLOOKUP(D6,素材!$A:$O,COLUMN(素材!O$1),FALSE) -> 一般的な鉄。量産品を作るのに使用されることが多い | CP6: =VLOOKUP(C6,武器!$A:$W,COLUMN(武器!W$1),FALSE) -> 幅の広い剣。扱いにくいが攻撃と防御にも優れている。状況に合わせて立ち回ろう。 | CR6: ="e_"&ROW(CR6) -> e_6 | CS6: =CN6*100 -> 40000
A7: =D7&"の"&C7 -> 鉄の長剣 | B7: =IFERROR(VLOOKUP($D7,素材!$1:$1016,COLUMN($B$1),FALSE)&"・"&VLOOKUP($C7,武器!$1:$998,COLUMN(B$1),FALSE),"") -> アイアン・ロングソード | C7: 長剣 | D7: 鉄 | E7: =IFERROR(VLOOKUP(C7,武器!$1:$998,COLUMN(C$1),FALSE),"") -> 武器 | F7: =IFERROR(ROUNDDOWN((VLOOKUP($C7,武器!$1:$998,COLUMN(D$1),FALSE)+IFERROR(VLOOKUP($CI7,装強!$1:$999,COLUMN(F$1),FALSE),0))*VLOOKUP($D7,素材!$1:$1016,COLUMN(D$1),FALSE),0),"") -> 115 | G7: =IFERROR(ROUNDDOWN((VLOOKUP($C7,武器!$1:$998,COLUMN(E$1),FALSE)+IFERROR(VLOOKUP($CI7,装強!$1:$999,COLUMN(G$1),FALSE),0))*VLOOKUP($D7,素材!$1:$1016,COLUMN($E$1),FALSE),0),"") -> 15 | H7: =IFERROR(ROUNDDOWN((VLOOKUP($C7,武器!$1:$998,COLUMN(F$1),FALSE)+IFERROR(VLOOKUP($CI7,装強!$1:$999,COLUMN(H$1),FALSE),0))*VLOOKUP($D7,素材!$1:$1016,COLUMN($E$1),FALSE),0),"") -> 9 | I7: =IFERROR(ROUNDDOWN((VLOOKUP($C7,武器!$1:$998,COLUMN(G$1),FALSE)+IFERROR(VLOOKUP($CI7,装強!$1:$999,COLUMN(I$1),FALSE),0))*VLOOKUP($D7,素材!$1:$1016,COLUMN($E$1),FALSE),0),"") -> 3 | J7: =IFERROR(ROUNDDOWN((VLOOKUP($C7,武器!$1:$998,COLUMN(H$1),FALSE)+IFERROR(VLOOKUP($CI7,装強!$1:$999,COLUMN(J$1),FALSE),0))*VLOOKUP($D7,素材!$1:$1016,COLUMN($E$1),FALSE),0),"") -> 20 | K7: =IFERROR(ROUNDDOWN((VLOOKUP($C7,武器!$1:$998,COLUMN(I$1),FALSE)+IFERROR(VLOOKUP($CI7,装強!$1:$999,COLUMN(K$1),FALSE),0))*VLOOKUP($D7,素材!$1:$1016,COLUMN($E$1),FALSE),0),"") -> 0 | L7: =IFERROR(VLOOKUP($D7,素材!$1:$1016,COLUMN($F$1),FALSE),"") -> 0 | M7: =IFERROR(VLOOKUP($C7,武器!$1:$998,COLUMN(AA$1),FALSE)*VLOOKUP($D7,素材!$1:$1016,COLUMN($G$1),FALSE),"") -> 0 | N7: =IFERROR(VLOOKUP($C7,武器!$1:$998,COLUMN(I$1),FALSE),"") -> 0 | O7: =IFERROR((VLOOKUP($C7,武器!$1:$998,COLUMN(K$1),FALSE)+VLOOKUP($D7,素材!$1:$1016,COLUMN(H$1),FALSE))*100+IFERROR(VLOOKUP($CI7,装強!$1:$999,COLUMN(O$1),FALSE),0),"") -> 10 | P7: =IFERROR((VLOOKUP($C7,武器!$1:$998,COLUMN(L$1),FALSE)+VLOOKUP($D7,素材!$1:$1016,COLUMN(I$1),FALSE))*100+IFERROR(VLOOKUP($CI7,装強!$1:$999,COLUMN(P$1),FALSE),0),"") -> 150 | Q7: =IFERROR(ROUNDUP(VLOOKUP($C7,武器!$1:$998,COLUMN(M$1),FALSE)*(VLOOKUP($D7,素材!$1:$1002,COLUMN(D$1),FALSE)/100),1),"") -> -2.5 | R7: =IFERROR(ROUNDUP(VLOOKUP($C7,武器!$1:$998,COLUMN(N$1),FALSE)*(VLOOKUP($D7,素材!$1:$1002,COLUMN(D$1),FALSE)/100),1),"") -> -2.5 | S7: =IFERROR(VLOOKUP($C7,武器!$1:$998,COLUMN(P$1),FALSE),"") -> 0 | T7: =IFERROR(VLOOKUP($C7,武器!$1:$998,COLUMN(Q$1),FALSE),"") -> 0 | U7: =IFERROR(VLOOKUP($C7,武器!$1:$998,COLUMN(R$1),FALSE),"") -> 0 | V7: =IFERROR(VLOOKUP($C7,武器!$1:$998,COLUMN(Q$1),FALSE),"") -> 0 | W7: =IFERROR(VLOOKUP($C7,武器!$1:$998,COLUMN(T$1),FALSE),"") -> A | Y7: =IFERROR(VLOOKUP($C7,武器!$1:$998,COLUMN(U$1),FALSE),"") -> 0 | Z7: =IFERROR(ROUNDUP(VLOOKUP($C7,武器!$1:$998,COLUMN(O$1),FALSE)*VLOOKUP($D7,素材!$1:$1016,COLUMN(E$1),FALSE),1),"") -> 0 | AA7: =IF(ISNUMBER(SEARCH(SUBSTITUTE(AA$1,RIGHT(AA$1,2),""),VLOOKUP($D7,素材!$1:$1016,COLUMN($F$1),FALSE))),VLOOKUP($C7,武器!$1:$998,COLUMN($O$1),FALSE)*VLOOKUP($D7,素材!$1:$1016,COLUMN($E$1),FALSE)/(LEN(VLOOKUP($D7,素材!$1:$1016,COLUMN($F$1),FALSE)) - LEN(SUBSTITUTE(VLOOKUP($D7,素材!$1:$1016,COLUMN($F$1),FALSE), "・", 0)) + 1), 0) -> 0 | AB7: =IF(ISNUMBER(SEARCH(SUBSTITUTE(AB$1,RIGHT(AB$1,2),""),VLOOKUP($D7,素材!$1:$1016,COLUMN($F$1),FALSE))),VLOOKUP($C7,武器!$1:$998,COLUMN($O$1),FALSE)*VLOOKUP($D7,素材!$1:$1016,COLUMN($E$1),FALSE)/(LEN(VLOOKUP($D7,素材!$1:$1016,COLUMN($F$1),FALSE)) - LEN(SUBSTITUTE(VLOOKUP($D7,素材!$1:$1016,COLUMN($F$1),FALSE), "・", 0)) + 1), 0) -> 0 | AC7: =IF(ISNUMBER(SEARCH(SUBSTITUTE(AC$1,RIGHT(AC$1,2),""),VLOOKUP($D7,素材!$1:$1016,COLUMN($F$1),FALSE))),VLOOKUP($C7,武器!$1:$998,COLUMN($O$1),FALSE)*VLOOKUP($D7,素材!$1:$1016,COLUMN($E$1),FALSE)/(LEN(VLOOKUP($D7,素材!$1:$1016,COLUMN($F$1),FALSE)) - LEN(SUBSTITUTE(VLOOKUP($D7,素材!$1:$1016,COLUMN($F$1),FALSE), "・", 0)) + 1), 0) -> 0 | AD7: =IF(ISNUMBER(SEARCH(SUBSTITUTE(AD$1,RIGHT(AD$1,2),""),VLOOKUP($D7,素材!$1:$1016,COLUMN($F$1),FALSE))),VLOOKUP($C7,武器!$1:$998,COLUMN($O$1),FALSE)*VLOOKUP($D7,素材!$1:$1016,COLUMN($E$1),FALSE)/(LEN(VLOOKUP($D7,素材!$1:$1016,COLUMN($F$1),FALSE)) - LEN(SUBSTITUTE(VLOOKUP($D7,素材!$1:$1016,COLUMN($F$1),FALSE), "・", 0)) + 1), 0) -> 0 | AE7: =IF(ISNUMBER(SEARCH(SUBSTITUTE(AE$1,RIGHT(AE$1,2),""),VLOOKUP($D7,素材!$1:$1016,COLUMN($F$1),FALSE))),VLOOKUP($C7,武器!$1:$998,COLUMN($O$1),FALSE)*VLOOKUP($D7,素材!$1:$1016,COLUMN($E$1),FALSE)/(LEN(VLOOKUP($D7,素材!$1:$1016,COLUMN($F$1),FALSE)) - LEN(SUBSTITUTE(VLOOKUP($D7,素材!$1:$1016,COLUMN($F$1),FALSE), "・", 0)) + 1), 0) -> 0 | AF7: =IF(ISNUMBER(SEARCH(SUBSTITUTE(AF$1,RIGHT(AF$1,2),""),VLOOKUP($D7,素材!$1:$1016,COLUMN($F$1),FALSE))),VLOOKUP($C7,武器!$1:$998,COLUMN($O$1),FALSE)*VLOOKUP($D7,素材!$1:$1016,COLUMN($E$1),FALSE)/(LEN(VLOOKUP($D7,素材!$1:$1016,COLUMN($F$1),FALSE)) - LEN(SUBSTITUTE(VLOOKUP($D7,素材!$1:$1016,COLUMN($F$1),FALSE), "・", 0)) + 1), 0) -> 0 | AG7: =IF(ISNUMBER(SEARCH(SUBSTITUTE(AG$1,RIGHT(AG$1,2),""),VLOOKUP($D7,素材!$1:$1016,COLUMN($F$1),FALSE))),VLOOKUP($C7,武器!$1:$998,COLUMN($O$1),FALSE)*VLOOKUP($D7,素材!$1:$1016,COLUMN($E$1),FALSE)/(LEN(VLOOKUP($D7,素材!$1:$1016,COLUMN($F$1),FALSE)) - LEN(SUBSTITUTE(VLOOKUP($D7,素材!$1:$1016,COLUMN($F$1),FALSE), "・", 0)) + 1), 0) -> 0 | AH7: =IF(ISNUMBER(SEARCH(SUBSTITUTE(AH$1,RIGHT(AH$1,2),""),VLOOKUP($D7,素材!$1:$1016,COLUMN($F$1),FALSE))),VLOOKUP($C7,武器!$1:$998,COLUMN($O$1),FALSE)*VLOOKUP($D7,素材!$1:$1016,COLUMN($E$1),FALSE)/(LEN(VLOOKUP($D7,素材!$1:$1016,COLUMN($F$1),FALSE)) - LEN(SUBSTITUTE(VLOOKUP($D7,素材!$1:$1016,COLUMN($F$1),FALSE), "・", 0)) + 1), 0) -> 0 | ... BE7: =IF(ISNUMBER(SEARCH(SUBSTITUTE(BE$1,RIGHT(BE$1,2),""),VLOOKUP($D7,素材!$1:$1016,COLUMN($F$1),FALSE))),VLOOKUP($C7,武器!$1:$998,COLUMN($O$1),FALSE)*VLOOKUP($D7,素材!$1:$1016,COLUMN($E$1),FALSE)/(LEN(VLOOKUP($D7,素材!$1:$1016,COLUMN($F$1),FALSE)) - LEN(SUBSTITUTE(VLOOKUP($D7,素材!$1:$1016,COLUMN($F$1),FALSE), "・", 0)) + 1), 0) -> 0 | CL7: =SUM(G7:I7) -> 27 | CM7: =IF(E7="武器",IF(J7-1>SUM(G7:I7),"盾",IF(MAX(G7:I7)=G7,"切断",IF(MAX(G7:I7)=H7,"貫通",IF(MAX(G7:I7)=I7,"打撃","射撃")))),E7)&".webp" -> 切断.webp | CN7: =IFERROR(VLOOKUP($C7,武器!$1:$998,COLUMN(V$1),FALSE)*VLOOKUP($D7,素材!$1:$1016,COLUMN(N$1),FALSE)+IF(CI7="",0,VLOOKUP($CI7,装強!$1:$1008,COLUMN($CK$1),FALSE)),"") -> 400 | CO7: =VLOOKUP(D7,素材!$A:$O,COLUMN(素材!O$1),FALSE) -> 一般的な鉄。量産品を作るのに使用されることが多い | CP7: =VLOOKUP(C7,武器!$A:$W,COLUMN(武器!W$1),FALSE) -> 長剣。長く重い分扱いにくいが威力が高い。 | CR7: ="e_"&ROW(CR7) -> e_7 | CS7: =CN7*100 -> 40000
A8: =D8&"の"&C8 -> 鉄の大剣 | B8: =IFERROR(VLOOKUP($D8,素材!$1:$1016,COLUMN($B$1),FALSE)&"・"&VLOOKUP($C8,武器!$1:$998,COLUMN(B$1),FALSE),"") -> アイアン・バスターソード | C8: 大剣 | D8: 鉄 | E8: =IFERROR(VLOOKUP(C8,武器!$1:$998,COLUMN(C$1),FALSE),"") -> 武器 | F8: =IFERROR(ROUNDDOWN((VLOOKUP($C8,武器!$1:$998,COLUMN(D$1),FALSE)+IFERROR(VLOOKUP($CI8,装強!$1:$999,COLUMN(F$1),FALSE),0))*VLOOKUP($D8,素材!$1:$1016,COLUMN(D$1),FALSE),0),"") -> 125 | G8: =IFERROR(ROUNDDOWN((VLOOKUP($C8,武器!$1:$998,COLUMN(E$1),FALSE)+IFERROR(VLOOKUP($CI8,装強!$1:$999,COLUMN(G$1),FALSE),0))*VLOOKUP($D8,素材!$1:$1016,COLUMN($E$1),FALSE),0),"") -> 18 | H8: =IFERROR(ROUNDDOWN((VLOOKUP($C8,武器!$1:$998,COLUMN(F$1),FALSE)+IFERROR(VLOOKUP($CI8,装強!$1:$999,COLUMN(H$1),FALSE),0))*VLOOKUP($D8,素材!$1:$1016,COLUMN($E$1),FALSE),0),"") -> 9 | I8: =IFERROR(ROUNDDOWN((VLOOKUP($C8,武器!$1:$998,COLUMN(G$1),FALSE)+IFERROR(VLOOKUP($CI8,装強!$1:$999,COLUMN(I$1),FALSE),0))*VLOOKUP($D8,素材!$1:$1016,COLUMN($E$1),FALSE),0),"") -> 4 | J8: =IFERROR(ROUNDDOWN((VLOOKUP($C8,武器!$1:$998,COLUMN(H$1),FALSE)+IFERROR(VLOOKUP($CI8,装強!$1:$999,COLUMN(J$1),FALSE),0))*VLOOKUP($D8,素材!$1:$1016,COLUMN($E$1),FALSE),0),"") -> 22 | K8: =IFERROR(ROUNDDOWN((VLOOKUP($C8,武器!$1:$998,COLUMN(I$1),FALSE)+IFERROR(VLOOKUP($CI8,装強!$1:$999,COLUMN(K$1),FALSE),0))*VLOOKUP($D8,素材!$1:$1016,COLUMN($E$1),FALSE),0),"") -> 0 | L8: =IFERROR(VLOOKUP($D8,素材!$1:$1016,COLUMN($F$1),FALSE),"") -> 0 | M8: =IFERROR(VLOOKUP($C8,武器!$1:$998,COLUMN(AA$1),FALSE)*VLOOKUP($D8,素材!$1:$1016,COLUMN($G$1),FALSE),"") -> 0 | N8: =IFERROR(VLOOKUP($C8,武器!$1:$998,COLUMN(I$1),FALSE),"") -> 0 | O8: =IFERROR((VLOOKUP($C8,武器!$1:$998,COLUMN(K$1),FALSE)+VLOOKUP($D8,素材!$1:$1016,COLUMN(H$1),FALSE))*100+IFERROR(VLOOKUP($CI8,装強!$1:$999,COLUMN(O$1),FALSE),0),"") -> 10 | P8: =IFERROR((VLOOKUP($C8,武器!$1:$998,COLUMN(L$1),FALSE)+VLOOKUP($D8,素材!$1:$1016,COLUMN(I$1),FALSE))*100+IFERROR(VLOOKUP($CI8,装強!$1:$999,COLUMN(P$1),FALSE),0),"") -> 150 | Q8: =IFERROR(ROUNDUP(VLOOKUP($C8,武器!$1:$998,COLUMN(M$1),FALSE)*(VLOOKUP($D8,素材!$1:$1002,COLUMN(D$1),FALSE)/100),1),"") -> -7.5 | R8: =IFERROR(ROUNDUP(VLOOKUP($C8,武器!$1:$998,COLUMN(N$1),FALSE)*(VLOOKUP($D8,素材!$1:$1002,COLUMN(D$1),FALSE)/100),1),"") -> -7.5 | S8: =IFERROR(VLOOKUP($C8,武器!$1:$998,COLUMN(P$1),FALSE),"") -> 0 | T8: =IFERROR(VLOOKUP($C8,武器!$1:$998,COLUMN(Q$1),FALSE),"") -> 0 | U8: =IFERROR(VLOOKUP($C8,武器!$1:$998,COLUMN(R$1),FALSE),"") -> 0 | V8: =IFERROR(VLOOKUP($C8,武器!$1:$998,COLUMN(Q$1),FALSE),"") -> 0 | W8: =IFERROR(VLOOKUP($C8,武器!$1:$998,COLUMN(T$1),FALSE),"") -> A | Y8: =IFERROR(VLOOKUP($C8,武器!$1:$998,COLUMN(U$1),FALSE),"") -> 0 | Z8: =IFERROR(ROUNDUP(VLOOKUP($C8,武器!$1:$998,COLUMN(O$1),FALSE)*VLOOKUP($D8,素材!$1:$1016,COLUMN(E$1),FALSE),1),"") -> 0 | AA8: =IF(ISNUMBER(SEARCH(SUBSTITUTE(AA$1,RIGHT(AA$1,2),""),VLOOKUP($D8,素材!$1:$1016,COLUMN($F$1),FALSE))),VLOOKUP($C8,武器!$1:$998,COLUMN($O$1),FALSE)*VLOOKUP($D8,素材!$1:$1016,COLUMN($E$1),FALSE)/(LEN(VLOOKUP($D8,素材!$1:$1016,COLUMN($F$1),FALSE)) - LEN(SUBSTITUTE(VLOOKUP($D8,素材!$1:$1016,COLUMN($F$1),FALSE), "・", 0)) + 1), 0) -> 0 | AB8: =IF(ISNUMBER(SEARCH(SUBSTITUTE(AB$1,RIGHT(AB$1,2),""),VLOOKUP($D8,素材!$1:$1016,COLUMN($F$1),FALSE))),VLOOKUP($C8,武器!$1:$998,COLUMN($O$1),FALSE)*VLOOKUP($D8,素材!$1:$1016,COLUMN($E$1),FALSE)/(LEN(VLOOKUP($D8,素材!$1:$1016,COLUMN($F$1),FALSE)) - LEN(SUBSTITUTE(VLOOKUP($D8,素材!$1:$1016,COLUMN($F$1),FALSE), "・", 0)) + 1), 0) -> 0 | AC8: =IF(ISNUMBER(SEARCH(SUBSTITUTE(AC$1,RIGHT(AC$1,2),""),VLOOKUP($D8,素材!$1:$1016,COLUMN($F$1),FALSE))),VLOOKUP($C8,武器!$1:$998,COLUMN($O$1),FALSE)*VLOOKUP($D8,素材!$1:$1016,COLUMN($E$1),FALSE)/(LEN(VLOOKUP($D8,素材!$1:$1016,COLUMN($F$1),FALSE)) - LEN(SUBSTITUTE(VLOOKUP($D8,素材!$1:$1016,COLUMN($F$1),FALSE), "・", 0)) + 1), 0) -> 0 | AD8: =IF(ISNUMBER(SEARCH(SUBSTITUTE(AD$1,RIGHT(AD$1,2),""),VLOOKUP($D8,素材!$1:$1016,COLUMN($F$1),FALSE))),VLOOKUP($C8,武器!$1:$998,COLUMN($O$1),FALSE)*VLOOKUP($D8,素材!$1:$1016,COLUMN($E$1),FALSE)/(LEN(VLOOKUP($D8,素材!$1:$1016,COLUMN($F$1),FALSE)) - LEN(SUBSTITUTE(VLOOKUP($D8,素材!$1:$1016,COLUMN($F$1),FALSE), "・", 0)) + 1), 0) -> 0 | AE8: =IF(ISNUMBER(SEARCH(SUBSTITUTE(AE$1,RIGHT(AE$1,2),""),VLOOKUP($D8,素材!$1:$1016,COLUMN($F$1),FALSE))),VLOOKUP($C8,武器!$1:$998,COLUMN($O$1),FALSE)*VLOOKUP($D8,素材!$1:$1016,COLUMN($E$1),FALSE)/(LEN(VLOOKUP($D8,素材!$1:$1016,COLUMN($F$1),FALSE)) - LEN(SUBSTITUTE(VLOOKUP($D8,素材!$1:$1016,COLUMN($F$1),FALSE), "・", 0)) + 1), 0) -> 0 | AF8: =IF(ISNUMBER(SEARCH(SUBSTITUTE(AF$1,RIGHT(AF$1,2),""),VLOOKUP($D8,素材!$1:$1016,COLUMN($F$1),FALSE))),VLOOKUP($C8,武器!$1:$998,COLUMN($O$1),FALSE)*VLOOKUP($D8,素材!$1:$1016,COLUMN($E$1),FALSE)/(LEN(VLOOKUP($D8,素材!$1:$1016,COLUMN($F$1),FALSE)) - LEN(SUBSTITUTE(VLOOKUP($D8,素材!$1:$1016,COLUMN($F$1),FALSE), "・", 0)) + 1), 0) -> 0 | AG8: =IF(ISNUMBER(SEARCH(SUBSTITUTE(AG$1,RIGHT(AG$1,2),""),VLOOKUP($D8,素材!$1:$1016,COLUMN($F$1),FALSE))),VLOOKUP($C8,武器!$1:$998,COLUMN($O$1),FALSE)*VLOOKUP($D8,素材!$1:$1016,COLUMN($E$1),FALSE)/(LEN(VLOOKUP($D8,素材!$1:$1016,COLUMN($F$1),FALSE)) - LEN(SUBSTITUTE(VLOOKUP($D8,素材!$1:$1016,COLUMN($F$1),FALSE), "・", 0)) + 1), 0) -> 0 | AH8: =IF(ISNUMBER(SEARCH(SUBSTITUTE(AH$1,RIGHT(AH$1,2),""),VLOOKUP($D8,素材!$1:$1016,COLUMN($F$1),FALSE))),VLOOKUP($C8,武器!$1:$998,COLUMN($O$1),FALSE)*VLOOKUP($D8,素材!$1:$1016,COLUMN($E$1),FALSE)/(LEN(VLOOKUP($D8,素材!$1:$1016,COLUMN($F$1),FALSE)) - LEN(SUBSTITUTE(VLOOKUP($D8,素材!$1:$1016,COLUMN($F$1),FALSE), "・", 0)) + 1), 0) -> 0 | ... BE8: =IF(ISNUMBER(SEARCH(SUBSTITUTE(BE$1,RIGHT(BE$1,2),""),VLOOKUP($D8,素材!$1:$1016,COLUMN($F$1),FALSE))),VLOOKUP($C8,武器!$1:$998,COLUMN($O$1),FALSE)*VLOOKUP($D8,素材!$1:$1016,COLUMN($E$1),FALSE)/(LEN(VLOOKUP($D8,素材!$1:$1016,COLUMN($F$1),FALSE)) - LEN(SUBSTITUTE(VLOOKUP($D8,素材!$1:$1016,COLUMN($F$1),FALSE), "・", 0)) + 1), 0) -> 0 | CL8: =SUM(G8:I8) -> 31 | CM8: =IF(E8="武器",IF(J8-1>SUM(G8:I8),"盾",IF(MAX(G8:I8)=G8,"切断",IF(MAX(G8:I8)=H8,"貫通",IF(MAX(G8:I8)=I8,"打撃","射撃")))),E8)&".webp" -> 切断.webp | CN8: =IFERROR(VLOOKUP($C8,武器!$1:$998,COLUMN(V$1),FALSE)*VLOOKUP($D8,素材!$1:$1016,COLUMN(N$1),FALSE)+IF(CI8="",0,VLOOKUP($CI8,装強!$1:$1008,COLUMN($CK$1),FALSE)),"") -> 600 | CO8: =VLOOKUP(D8,素材!$A:$O,COLUMN(素材!O$1),FALSE) -> 一般的な鉄。量産品を作るのに使用されることが多い | CP8: =VLOOKUP(C8,武器!$A:$W,COLUMN(武器!W$1),FALSE) -> 大剣。非常に重いが威力が突出して高い武器。大きい分ガードにも向いている | CR8: ="e_"&ROW(CR8) -> e_8 | CS8: =CN8*100 -> 60000
A9: =D9&"の"&C9 -> 鉄の細剣 | B9: =IFERROR(VLOOKUP($D9,素材!$1:$1016,COLUMN($B$1),FALSE)&"・"&VLOOKUP($C9,武器!$1:$998,COLUMN(B$1),FALSE),"") -> アイアン・レイピア | C9: 細剣 | D9: 鉄 | E9: =IFERROR(VLOOKUP(C9,武器!$1:$998,COLUMN(C$1),FALSE),"") -> 武器 | F9: =IFERROR(ROUNDDOWN((VLOOKUP($C9,武器!$1:$998,COLUMN(D$1),FALSE)+IFERROR(VLOOKUP($CI9,装強!$1:$999,COLUMN(F$1),FALSE),0))*VLOOKUP($D9,素材!$1:$1016,COLUMN(D$1),FALSE),0),"") -> 100 | G9: =IFERROR(ROUNDDOWN((VLOOKUP($C9,武器!$1:$998,COLUMN(E$1),FALSE)+IFERROR(VLOOKUP($CI9,装強!$1:$999,COLUMN(G$1),FALSE),0))*VLOOKUP($D9,素材!$1:$1016,COLUMN($E$1),FALSE),0),"") -> 9 | H9: =IFERROR(ROUNDDOWN((VLOOKUP($C9,武器!$1:$998,COLUMN(F$1),FALSE)+IFERROR(VLOOKUP($CI9,装強!$1:$999,COLUMN(H$1),FALSE),0))*VLOOKUP($D9,素材!$1:$1016,COLUMN($E$1),FALSE),0),"") -> 13 | I9: =IFERROR(ROUNDDOWN((VLOOKUP($C9,武器!$1:$998,COLUMN(G$1),FALSE)+IFERROR(VLOOKUP($CI9,装強!$1:$999,COLUMN(I$1),FALSE),0))*VLOOKUP($D9,素材!$1:$1016,COLUMN($E$1),FALSE),0),"") -> 0 | J9: =IFERROR(ROUNDDOWN((VLOOKUP($C9,武器!$1:$998,COLUMN(H$1),FALSE)+IFERROR(VLOOKUP($CI9,装強!$1:$999,COLUMN(J$1),FALSE),0))*VLOOKUP($D9,素材!$1:$1016,COLUMN($E$1),FALSE),0),"") -> 16 | K9: =IFERROR(ROUNDDOWN((VLOOKUP($C9,武器!$1:$998,COLUMN(I$1),FALSE)+IFERROR(VLOOKUP($CI9,装強!$1:$999,COLUMN(K$1),FALSE),0))*VLOOKUP($D9,素材!$1:$1016,COLUMN($E$1),FALSE),0),"") -> 0 | L9: =IFERROR(VLOOKUP($D9,素材!$1:$1016,COLUMN($F$1),FALSE),"") -> 0 | M9: =IFERROR(VLOOKUP($C9,武器!$1:$998,COLUMN(AA$1),FALSE)*VLOOKUP($D9,素材!$1:$1016,COLUMN($G$1),FALSE),"") -> 0 | N9: =IFERROR(VLOOKUP($C9,武器!$1:$998,COLUMN(I$1),FALSE),"") -> 0 | O9: =IFERROR((VLOOKUP($C9,武器!$1:$998,COLUMN(K$1),FALSE)+VLOOKUP($D9,素材!$1:$1016,COLUMN(H$1),FALSE))*100+IFERROR(VLOOKUP($CI9,装強!$1:$999,COLUMN(O$1),FALSE),0),"") -> 15 | P9: =IFERROR((VLOOKUP($C9,武器!$1:$998,COLUMN(L$1),FALSE)+VLOOKUP($D9,素材!$1:$1016,COLUMN(I$1),FALSE))*100+IFERROR(VLOOKUP($CI9,装強!$1:$999,COLUMN(P$1),FALSE),0),"") -> 125 | Q9: =IFERROR(ROUNDUP(VLOOKUP($C9,武器!$1:$998,COLUMN(M$1),FALSE)*(VLOOKUP($D9,素材!$1:$1002,COLUMN(D$1),FALSE)/100),1),"") -> 0 | R9: =IFERROR(ROUNDUP(VLOOKUP($C9,武器!$1:$998,COLUMN(N$1),FALSE)*(VLOOKUP($D9,素材!$1:$1002,COLUMN(D$1),FALSE)/100),1),"") -> 0 | S9: =IFERROR(VLOOKUP($C9,武器!$1:$998,COLUMN(P$1),FALSE),"") -> 0 | T9: =IFERROR(VLOOKUP($C9,武器!$1:$998,COLUMN(Q$1),FALSE),"") -> 0 | U9: =IFERROR(VLOOKUP($C9,武器!$1:$998,COLUMN(R$1),FALSE),"") -> 0 | V9: =IFERROR(VLOOKUP($C9,武器!$1:$998,COLUMN(Q$1),FALSE),"") -> 0 | W9: =IFERROR(VLOOKUP($C9,武器!$1:$998,COLUMN(T$1),FALSE),"") -> A | Y9: =IFERROR(VLOOKUP($C9,武器!$1:$998,COLUMN(U$1),FALSE),"") -> 片手適正Ⅰ | Z9: =IFERROR(ROUNDUP(VLOOKUP($C9,武器!$1:$998,COLUMN(O$1),FALSE)*VLOOKUP($D9,素材!$1:$1016,COLUMN(E$1),FALSE),1),"") -> 0 | AA9: =IF(ISNUMBER(SEARCH(SUBSTITUTE(AA$1,RIGHT(AA$1,2),""),VLOOKUP($D9,素材!$1:$1016,COLUMN($F$1),FALSE))),VLOOKUP($C9,武器!$1:$998,COLUMN($O$1),FALSE)*VLOOKUP($D9,素材!$1:$1016,COLUMN($E$1),FALSE)/(LEN(VLOOKUP($D9,素材!$1:$1016,COLUMN($F$1),FALSE)) - LEN(SUBSTITUTE(VLOOKUP($D9,素材!$1:$1016,COLUMN($F$1),FALSE), "・", 0)) + 1), 0) -> 0 | AB9: =IF(ISNUMBER(SEARCH(SUBSTITUTE(AB$1,RIGHT(AB$1,2),""),VLOOKUP($D9,素材!$1:$1016,COLUMN($F$1),FALSE))),VLOOKUP($C9,武器!$1:$998,COLUMN($O$1),FALSE)*VLOOKUP($D9,素材!$1:$1016,COLUMN($E$1),FALSE)/(LEN(VLOOKUP($D9,素材!$1:$1016,COLUMN($F$1),FALSE)) - LEN(SUBSTITUTE(VLOOKUP($D9,素材!$1:$1016,COLUMN($F$1),FALSE), "・", 0)) + 1), 0) -> 0 | AC9: =IF(ISNUMBER(SEARCH(SUBSTITUTE(AC$1,RIGHT(AC$1,2),""),VLOOKUP($D9,素材!$1:$1016,COLUMN($F$1),FALSE))),VLOOKUP($C9,武器!$1:$998,COLUMN($O$1),FALSE)*VLOOKUP($D9,素材!$1:$1016,COLUMN($E$1),FALSE)/(LEN(VLOOKUP($D9,素材!$1:$1016,COLUMN($F$1),FALSE)) - LEN(SUBSTITUTE(VLOOKUP($D9,素材!$1:$1016,COLUMN($F$1),FALSE), "・", 0)) + 1), 0) -> 0 | AD9: =IF(ISNUMBER(SEARCH(SUBSTITUTE(AD$1,RIGHT(AD$1,2),""),VLOOKUP($D9,素材!$1:$1016,COLUMN($F$1),FALSE))),VLOOKUP($C9,武器!$1:$998,COLUMN($O$1),FALSE)*VLOOKUP($D9,素材!$1:$1016,COLUMN($E$1),FALSE)/(LEN(VLOOKUP($D9,素材!$1:$1016,COLUMN($F$1),FALSE)) - LEN(SUBSTITUTE(VLOOKUP($D9,素材!$1:$1016,COLUMN($F$1),FALSE), "・", 0)) + 1), 0) -> 0 | AE9: =IF(ISNUMBER(SEARCH(SUBSTITUTE(AE$1,RIGHT(AE$1,2),""),VLOOKUP($D9,素材!$1:$1016,COLUMN($F$1),FALSE))),VLOOKUP($C9,武器!$1:$998,COLUMN($O$1),FALSE)*VLOOKUP($D9,素材!$1:$1016,COLUMN($E$1),FALSE)/(LEN(VLOOKUP($D9,素材!$1:$1016,COLUMN($F$1),FALSE)) - LEN(SUBSTITUTE(VLOOKUP($D9,素材!$1:$1016,COLUMN($F$1),FALSE), "・", 0)) + 1), 0) -> 0 | AF9: =IF(ISNUMBER(SEARCH(SUBSTITUTE(AF$1,RIGHT(AF$1,2),""),VLOOKUP($D9,素材!$1:$1016,COLUMN($F$1),FALSE))),VLOOKUP($C9,武器!$1:$998,COLUMN($O$1),FALSE)*VLOOKUP($D9,素材!$1:$1016,COLUMN($E$1),FALSE)/(LEN(VLOOKUP($D9,素材!$1:$1016,COLUMN($F$1),FALSE)) - LEN(SUBSTITUTE(VLOOKUP($D9,素材!$1:$1016,COLUMN($F$1),FALSE), "・", 0)) + 1), 0) -> 0 | AG9: =IF(ISNUMBER(SEARCH(SUBSTITUTE(AG$1,RIGHT(AG$1,2),""),VLOOKUP($D9,素材!$1:$1016,COLUMN($F$1),FALSE))),VLOOKUP($C9,武器!$1:$998,COLUMN($O$1),FALSE)*VLOOKUP($D9,素材!$1:$1016,COLUMN($E$1),FALSE)/(LEN(VLOOKUP($D9,素材!$1:$1016,COLUMN($F$1),FALSE)) - LEN(SUBSTITUTE(VLOOKUP($D9,素材!$1:$1016,COLUMN($F$1),FALSE), "・", 0)) + 1), 0) -> 0 | AH9: =IF(ISNUMBER(SEARCH(SUBSTITUTE(AH$1,RIGHT(AH$1,2),""),VLOOKUP($D9,素材!$1:$1016,COLUMN($F$1),FALSE))),VLOOKUP($C9,武器!$1:$998,COLUMN($O$1),FALSE)*VLOOKUP($D9,素材!$1:$1016,COLUMN($E$1),FALSE)/(LEN(VLOOKUP($D9,素材!$1:$1016,COLUMN($F$1),FALSE)) - LEN(SUBSTITUTE(VLOOKUP($D9,素材!$1:$1016,COLUMN($F$1),FALSE), "・", 0)) + 1), 0) -> 0 | ... BE9: =IF(ISNUMBER(SEARCH(SUBSTITUTE(BE$1,RIGHT(BE$1,2),""),VLOOKUP($D9,素材!$1:$1016,COLUMN($F$1),FALSE))),VLOOKUP($C9,武器!$1:$998,COLUMN($O$1),FALSE)*VLOOKUP($D9,素材!$1:$1016,COLUMN($E$1),FALSE)/(LEN(VLOOKUP($D9,素材!$1:$1016,COLUMN($F$1),FALSE)) - LEN(SUBSTITUTE(VLOOKUP($D9,素材!$1:$1016,COLUMN($F$1),FALSE), "・", 0)) + 1), 0) -> 0 | CL9: =SUM(G9:I9) -> 22 | CM9: =IF(E9="武器",IF(J9-1>SUM(G9:I9),"盾",IF(MAX(G9:I9)=G9,"切断",IF(MAX(G9:I9)=H9,"貫通",IF(MAX(G9:I9)=I9,"打撃","射撃")))),E9)&".webp" -> 貫通.webp | CN9: =IFERROR(VLOOKUP($C9,武器!$1:$998,COLUMN(V$1),FALSE)*VLOOKUP($D9,素材!$1:$1016,COLUMN(N$1),FALSE)+IF(CI9="",0,VLOOKUP($CI9,装強!$1:$1008,COLUMN($CK$1),FALSE)),"") -> 400 | CO9: =VLOOKUP(D9,素材!$A:$O,COLUMN(素材!O$1),FALSE) -> 一般的な鉄。量産品を作るのに使用されることが多い | CP9: =VLOOKUP(C9,武器!$A:$W,COLUMN(武器!W$1),FALSE) -> 細剣。刺突に優れた武器でCr率が高い | CR9: ="e_"&ROW(CR9) -> e_9 | CS9: =CN9*100 -> 40000
A10: =D10&"の"&C10 -> 鉄の刺剣 | B10: =IFERROR(VLOOKUP($D10,素材!$1:$1016,COLUMN($B$1),FALSE)&"・"&VLOOKUP($C10,武器!$1:$998,COLUMN(B$1),FALSE),"") -> アイアン・スティレット | C10: 刺剣 | D10: 鉄 | E10: =IFERROR(VLOOKUP(C10,武器!$1:$998,COLUMN(C$1),FALSE),"") -> 武器 | F10: =IFERROR(ROUNDDOWN((VLOOKUP($C10,武器!$1:$998,COLUMN(D$1),FALSE)+IFERROR(VLOOKUP($CI10,装強!$1:$999,COLUMN(F$1),FALSE),0))*VLOOKUP($D10,素材!$1:$1016,COLUMN(D$1),FALSE),0),"") -> 110 | G10: =IFERROR(ROUNDDOWN((VLOOKUP($C10,武器!$1:$998,COLUMN(E$1),FALSE)+IFERROR(VLOOKUP($CI10,装強!$1:$999,COLUMN(G$1),FALSE),0))*VLOOKUP($D10,素材!$1:$1016,COLUMN($E$1),FALSE),0),"") -> 4 | H10: =IFERROR(ROUNDDOWN((VLOOKUP($C10,武器!$1:$998,COLUMN(F$1),FALSE)+IFERROR(VLOOKUP($CI10,装強!$1:$999,COLUMN(H$1),FALSE),0))*VLOOKUP($D10,素材!$1:$1016,COLUMN($E$1),FALSE),0),"") -> 18 | I10: =IFERROR(ROUNDDOWN((VLOOKUP($C10,武器!$1:$998,COLUMN(G$1),FALSE)+IFERROR(VLOOKUP($CI10,装強!$1:$999,COLUMN(I$1),FALSE),0))*VLOOKUP($D10,素材!$1:$1016,COLUMN($E$1),FALSE),0),"") -> 0 | J10: =IFERROR(ROUNDDOWN((VLOOKUP($C10,武器!$1:$998,COLUMN(H$1),FALSE)+IFERROR(VLOOKUP($CI10,装強!$1:$999,COLUMN(J$1),FALSE),0))*VLOOKUP($D10,素材!$1:$1016,COLUMN($E$1),FALSE),0),"") -> 17 | K10: =IFERROR(ROUNDDOWN((VLOOKUP($C10,武器!$1:$998,COLUMN(I$1),FALSE)+IFERROR(VLOOKUP($CI10,装強!$1:$999,COLUMN(K$1),FALSE),0))*VLOOKUP($D10,素材!$1:$1016,COLUMN($E$1),FALSE),0),"") -> 0 | L10: =IFERROR(VLOOKUP($D10,素材!$1:$1016,COLUMN($F$1),FALSE),"") -> 0 | M10: =IFERROR(VLOOKUP($C10,武器!$1:$998,COLUMN(AA$1),FALSE)*VLOOKUP($D10,素材!$1:$1016,COLUMN($G$1),FALSE),"") -> 0 | N10: =IFERROR(VLOOKUP($C10,武器!$1:$998,COLUMN(I$1),FALSE),"") -> 0 | O10: =IFERROR((VLOOKUP($C10,武器!$1:$998,COLUMN(K$1),FALSE)+VLOOKUP($D10,素材!$1:$1016,COLUMN(H$1),FALSE))*100+IFERROR(VLOOKUP($CI10,装強!$1:$999,COLUMN(O$1),FALSE),0),"") -> 10 | P10: =IFERROR((VLOOKUP($C10,武器!$1:$998,COLUMN(L$1),FALSE)+VLOOKUP($D10,素材!$1:$1016,COLUMN(I$1),FALSE))*100+IFERROR(VLOOKUP($CI10,装強!$1:$999,COLUMN(P$1),FALSE),0),"") -> 150 | Q10: =IFERROR(ROUNDUP(VLOOKUP($C10,武器!$1:$998,COLUMN(M$1),FALSE)*(VLOOKUP($D10,素材!$1:$1002,COLUMN(D$1),FALSE)/100),1),"") -> 0 | R10: =IFERROR(ROUNDUP(VLOOKUP($C10,武器!$1:$998,COLUMN(N$1),FALSE)*(VLOOKUP($D10,素材!$1:$1002,COLUMN(D$1),FALSE)/100),1),"") -> 0 | S10: =IFERROR(VLOOKUP($C10,武器!$1:$998,COLUMN(P$1),FALSE),"") -> 0 | T10: =IFERROR(VLOOKUP($C10,武器!$1:$998,COLUMN(Q$1),FALSE),"") -> 0 | U10: =IFERROR(VLOOKUP($C10,武器!$1:$998,COLUMN(R$1),FALSE),"") -> 0 | V10: =IFERROR(VLOOKUP($C10,武器!$1:$998,COLUMN(Q$1),FALSE),"") -> 0 | W10: =IFERROR(VLOOKUP($C10,武器!$1:$998,COLUMN(T$1),FALSE),"") -> A | Y10: =IFERROR(VLOOKUP($C10,武器!$1:$998,COLUMN(U$1),FALSE),"") -> 片手適正Ⅰ | Z10: =IFERROR(ROUNDUP(VLOOKUP($C10,武器!$1:$998,COLUMN(O$1),FALSE)*VLOOKUP($D10,素材!$1:$1016,COLUMN(E$1),FALSE),1),"") -> 0 | AA10: =IF(ISNUMBER(SEARCH(SUBSTITUTE(AA$1,RIGHT(AA$1,2),""),VLOOKUP($D10,素材!$1:$1016,COLUMN($F$1),FALSE))),VLOOKUP($C10,武器!$1:$998,COLUMN($O$1),FALSE)*VLOOKUP($D10,素材!$1:$1016,COLUMN($E$1),FALSE)/(LEN(VLOOKUP($D10,素材!$1:$1016,COLUMN($F$1),FALSE)) - LEN(SUBSTITUTE(VLOOKUP($D10,素材!$1:$1016,COLUMN($F$1),FALSE), "・", 0)) + 1), 0) -> 0 | AB10: =IF(ISNUMBER(SEARCH(SUBSTITUTE(AB$1,RIGHT(AB$1,2),""),VLOOKUP($D10,素材!$1:$1016,COLUMN($F$1),FALSE))),VLOOKUP($C10,武器!$1:$998,COLUMN($O$1),FALSE)*VLOOKUP($D10,素材!$1:$1016,COLUMN($E$1),FALSE)/(LEN(VLOOKUP($D10,素材!$1:$1016,COLUMN($F$1),FALSE)) - LEN(SUBSTITUTE(VLOOKUP($D10,素材!$1:$1016,COLUMN($F$1),FALSE), "・", 0)) + 1), 0) -> 0 | AC10: =IF(ISNUMBER(SEARCH(SUBSTITUTE(AC$1,RIGHT(AC$1,2),""),VLOOKUP($D10,素材!$1:$1016,COLUMN($F$1),FALSE))),VLOOKUP($C10,武器!$1:$998,COLUMN($O$1),FALSE)*VLOOKUP($D10,素材!$1:$1016,COLUMN($E$1),FALSE)/(LEN(VLOOKUP($D10,素材!$1:$1016,COLUMN($F$1),FALSE)) - LEN(SUBSTITUTE(VLOOKUP($D10,素材!$1:$1016,COLUMN($F$1),FALSE), "・", 0)) + 1), 0) -> 0 | AD10: =IF(ISNUMBER(SEARCH(SUBSTITUTE(AD$1,RIGHT(AD$1,2),""),VLOOKUP($D10,素材!$1:$1016,COLUMN($F$1),FALSE))),VLOOKUP($C10,武器!$1:$998,COLUMN($O$1),FALSE)*VLOOKUP($D10,素材!$1:$1016,COLUMN($E$1),FALSE)/(LEN(VLOOKUP($D10,素材!$1:$1016,COLUMN($F$1),FALSE)) - LEN(SUBSTITUTE(VLOOKUP($D10,素材!$1:$1016,COLUMN($F$1),FALSE), "・", 0)) + 1), 0) -> 0 | AE10: =IF(ISNUMBER(SEARCH(SUBSTITUTE(AE$1,RIGHT(AE$1,2),""),VLOOKUP($D10,素材!$1:$1016,COLUMN($F$1),FALSE))),VLOOKUP($C10,武器!$1:$998,COLUMN($O$1),FALSE)*VLOOKUP($D10,素材!$1:$1016,COLUMN($E$1),FALSE)/(LEN(VLOOKUP($D10,素材!$1:$1016,COLUMN($F$1),FALSE)) - LEN(SUBSTITUTE(VLOOKUP($D10,素材!$1:$1016,COLUMN($F$1),FALSE), "・", 0)) + 1), 0) -> 0 | AF10: =IF(ISNUMBER(SEARCH(SUBSTITUTE(AF$1,RIGHT(AF$1,2),""),VLOOKUP($D10,素材!$1:$1016,COLUMN($F$1),FALSE))),VLOOKUP($C10,武器!$1:$998,COLUMN($O$1),FALSE)*VLOOKUP($D10,素材!$1:$1016,COLUMN($E$1),FALSE)/(LEN(VLOOKUP($D10,素材!$1:$1016,COLUMN($F$1),FALSE)) - LEN(SUBSTITUTE(VLOOKUP($D10,素材!$1:$1016,COLUMN($F$1),FALSE), "・", 0)) + 1), 0) -> 0 | AG10: =IF(ISNUMBER(SEARCH(SUBSTITUTE(AG$1,RIGHT(AG$1,2),""),VLOOKUP($D10,素材!$1:$1016,COLUMN($F$1),FALSE))),VLOOKUP($C10,武器!$1:$998,COLUMN($O$1),FALSE)*VLOOKUP($D10,素材!$1:$1016,COLUMN($E$1),FALSE)/(LEN(VLOOKUP($D10,素材!$1:$1016,COLUMN($F$1),FALSE)) - LEN(SUBSTITUTE(VLOOKUP($D10,素材!$1:$1016,COLUMN($F$1),FALSE), "・", 0)) + 1), 0) -> 0 | AH10: =IF(ISNUMBER(SEARCH(SUBSTITUTE(AH$1,RIGHT(AH$1,2),""),VLOOKUP($D10,素材!$1:$1016,COLUMN($F$1),FALSE))),VLOOKUP($C10,武器!$1:$998,COLUMN($O$1),FALSE)*VLOOKUP($D10,素材!$1:$1016,COLUMN($E$1),FALSE)/(LEN(VLOOKUP($D10,素材!$1:$1016,COLUMN($F$1),FALSE)) - LEN(SUBSTITUTE(VLOOKUP($D10,素材!$1:$1016,COLUMN($F$1),FALSE), "・", 0)) + 1), 0) -> 0 | ... BE10: =IF(ISNUMBER(SEARCH(SUBSTITUTE(BE$1,RIGHT(BE$1,2),""),VLOOKUP($D10,素材!$1:$1016,COLUMN($F$1),FALSE))),VLOOKUP($C10,武器!$1:$998,COLUMN($O$1),FALSE)*VLOOKUP($D10,素材!$1:$1016,COLUMN($E$1),FALSE)/(LEN(VLOOKUP($D10,素材!$1:$1016,COLUMN($F$1),FALSE)) - LEN(SUBSTITUTE(VLOOKUP($D10,素材!$1:$1016,COLUMN($F$1),FALSE), "・", 0)) + 1), 0) -> 0 | CL10: =SUM(G10:I10) -> 22 | CM10: =IF(E10="武器",IF(J10-1>SUM(G10:I10),"盾",IF(MAX(G10:I10)=G10,"切断",IF(MAX(G10:I10)=H10,"貫通",IF(MAX(G10:I10)=I10,"打撃","射撃")))),E10)&".webp" -> 貫通.webp | CN10: =IFERROR(VLOOKUP($C10,武器!$1:$998,COLUMN(V$1),FALSE)*VLOOKUP($D10,素材!$1:$1016,COLUMN(N$1),FALSE)+IF(CI10="",0,VLOOKUP($CI10,装強!$1:$1008,COLUMN($CK$1),FALSE)),"") -> 300 | CO10: =VLOOKUP(D10,素材!$A:$O,COLUMN(素材!O$1),FALSE) -> 一般的な鉄。量産品を作るのに使用されることが多い | CP10: =VLOOKUP(C10,武器!$A:$W,COLUMN(武器!W$1),FALSE) -> 刺剣。小型で精密な攻撃が可能な武器。 | CR10: ="e_"&ROW(CR10) -> e_10 | CS10: =CN10*100 -> 30000
A11: =D11&"の"&C11 -> 鉄の短槍 | B11: =IFERROR(VLOOKUP($D11,素材!$1:$1016,COLUMN($B$1),FALSE)&"・"&VLOOKUP($C11,武器!$1:$998,COLUMN(B$1),FALSE),"") -> アイアン・ショートスピア | C11: 短槍 | D11: 鉄 | E11: =IFERROR(VLOOKUP(C11,武器!$1:$998,COLUMN(C$1),FALSE),"") -> 武器 | F11: =IFERROR(ROUNDDOWN((VLOOKUP($C11,武器!$1:$998,COLUMN(D$1),FALSE)+IFERROR(VLOOKUP($CI11,装強!$1:$999,COLUMN(F$1),FALSE),0))*VLOOKUP($D11,素材!$1:$1016,COLUMN(D$1),FALSE),0),"") -> 105 | G11: =IFERROR(ROUNDDOWN((VLOOKUP($C11,武器!$1:$998,COLUMN(E$1),FALSE)+IFERROR(VLOOKUP($CI11,装強!$1:$999,COLUMN(G$1),FALSE),0))*VLOOKUP($D11,素材!$1:$1016,COLUMN($E$1),FALSE),0),"") -> 8 | H11: =IFERROR(ROUNDDOWN((VLOOKUP($C11,武器!$1:$998,COLUMN(F$1),FALSE)+IFERROR(VLOOKUP($CI11,装強!$1:$999,COLUMN(H$1),FALSE),0))*VLOOKUP($D11,素材!$1:$1016,COLUMN($E$1),FALSE),0),"") -> 14 | I11: =IFERROR(ROUNDDOWN((VLOOKUP($C11,武器!$1:$998,COLUMN(G$1),FALSE)+IFERROR(VLOOKUP($CI11,装強!$1:$999,COLUMN(I$1),FALSE),0))*VLOOKUP($D11,素材!$1:$1016,COLUMN($E$1),FALSE),0),"") -> 3 | J11: =IFERROR(ROUNDDOWN((VLOOKUP($C11,武器!$1:$998,COLUMN(H$1),FALSE)+IFERROR(VLOOKUP($CI11,装強!$1:$999,COLUMN(J$1),FALSE),0))*VLOOKUP($D11,素材!$1:$1016,COLUMN($E$1),FALSE),0),"") -> 17 | K11: =IFERROR(ROUNDDOWN((VLOOKUP($C11,武器!$1:$998,COLUMN(I$1),FALSE)+IFERROR(VLOOKUP($CI11,装強!$1:$999,COLUMN(K$1),FALSE),0))*VLOOKUP($D11,素材!$1:$1016,COLUMN($E$1),FALSE),0),"") -> 0 | L11: =IFERROR(VLOOKUP($D11,素材!$1:$1016,COLUMN($F$1),FALSE),"") -> 0 | M11: =IFERROR(VLOOKUP($C11,武器!$1:$998,COLUMN(AA$1),FALSE)*VLOOKUP($D11,素材!$1:$1016,COLUMN($G$1),FALSE),"") -> 0 | N11: =IFERROR(VLOOKUP($C11,武器!$1:$998,COLUMN(I$1),FALSE),"") -> 0 | O11: =IFERROR((VLOOKUP($C11,武器!$1:$998,COLUMN(K$1),FALSE)+VLOOKUP($D11,素材!$1:$1016,COLUMN(H$1),FALSE))*100+IFERROR(VLOOKUP($CI11,装強!$1:$999,COLUMN(O$1),FALSE),0),"") -> 10 | P11: =IFERROR((VLOOKUP($C11,武器!$1:$998,COLUMN(L$1),FALSE)+VLOOKUP($D11,素材!$1:$1016,COLUMN(I$1),FALSE))*100+IFERROR(VLOOKUP($CI11,装強!$1:$999,COLUMN(P$1),FALSE),0),"") -> 150 | Q11: =IFERROR(ROUNDUP(VLOOKUP($C11,武器!$1:$998,COLUMN(M$1),FALSE)*(VLOOKUP($D11,素材!$1:$1002,COLUMN(D$1),FALSE)/100),1),"") -> 0 | R11: =IFERROR(ROUNDUP(VLOOKUP($C11,武器!$1:$998,COLUMN(N$1),FALSE)*(VLOOKUP($D11,素材!$1:$1002,COLUMN(D$1),FALSE)/100),1),"") -> 0 | S11: =IFERROR(VLOOKUP($C11,武器!$1:$998,COLUMN(P$1),FALSE),"") -> 0 | T11: =IFERROR(VLOOKUP($C11,武器!$1:$998,COLUMN(Q$1),FALSE),"") -> 0 | U11: =IFERROR(VLOOKUP($C11,武器!$1:$998,COLUMN(R$1),FALSE),"") -> 0 | V11: =IFERROR(VLOOKUP($C11,武器!$1:$998,COLUMN(Q$1),FALSE),"") -> 0 | W11: =IFERROR(VLOOKUP($C11,武器!$1:$998,COLUMN(T$1),FALSE),"") -> A | Y11: =IFERROR(VLOOKUP($C11,武器!$1:$998,COLUMN(U$1),FALSE),"") -> 投擲強化 | Z11: =IFERROR(ROUNDUP(VLOOKUP($C11,武器!$1:$998,COLUMN(O$1),FALSE)*VLOOKUP($D11,素材!$1:$1016,COLUMN(E$1),FALSE),1),"") -> 0 | AA11: =IF(ISNUMBER(SEARCH(SUBSTITUTE(AA$1,RIGHT(AA$1,2),""),VLOOKUP($D11,素材!$1:$1016,COLUMN($F$1),FALSE))),VLOOKUP($C11,武器!$1:$998,COLUMN($O$1),FALSE)*VLOOKUP($D11,素材!$1:$1016,COLUMN($E$1),FALSE)/(LEN(VLOOKUP($D11,素材!$1:$1016,COLUMN($F$1),FALSE)) - LEN(SUBSTITUTE(VLOOKUP($D11,素材!$1:$1016,COLUMN($F$1),FALSE), "・", 0)) + 1), 0) -> 0 | AB11: =IF(ISNUMBER(SEARCH(SUBSTITUTE(AB$1,RIGHT(AB$1,2),""),VLOOKUP($D11,素材!$1:$1016,COLUMN($F$1),FALSE))),VLOOKUP($C11,武器!$1:$998,COLUMN($O$1),FALSE)*VLOOKUP($D11,素材!$1:$1016,COLUMN($E$1),FALSE)/(LEN(VLOOKUP($D11,素材!$1:$1016,COLUMN($F$1),FALSE)) - LEN(SUBSTITUTE(VLOOKUP($D11,素材!$1:$1016,COLUMN($F$1),FALSE), "・", 0)) + 1), 0) -> 0 | AC11: =IF(ISNUMBER(SEARCH(SUBSTITUTE(AC$1,RIGHT(AC$1,2),""),VLOOKUP($D11,素材!$1:$1016,COLUMN($F$1),FALSE))),VLOOKUP($C11,武器!$1:$998,COLUMN($O$1),FALSE)*VLOOKUP($D11,素材!$1:$1016,COLUMN($E$1),FALSE)/(LEN(VLOOKUP($D11,素材!$1:$1016,COLUMN($F$1),FALSE)) - LEN(SUBSTITUTE(VLOOKUP($D11,素材!$1:$1016,COLUMN($F$1),FALSE), "・", 0)) + 1), 0) -> 0 | AD11: =IF(ISNUMBER(SEARCH(SUBSTITUTE(AD$1,RIGHT(AD$1,2),""),VLOOKUP($D11,素材!$1:$1016,COLUMN($F$1),FALSE))),VLOOKUP($C11,武器!$1:$998,COLUMN($O$1),FALSE)*VLOOKUP($D11,素材!$1:$1016,COLUMN($E$1),FALSE)/(LEN(VLOOKUP($D11,素材!$1:$1016,COLUMN($F$1),FALSE)) - LEN(SUBSTITUTE(VLOOKUP($D11,素材!$1:$1016,COLUMN($F$1),FALSE), "・", 0)) + 1), 0) -> 0 | AE11: =IF(ISNUMBER(SEARCH(SUBSTITUTE(AE$1,RIGHT(AE$1,2),""),VLOOKUP($D11,素材!$1:$1016,COLUMN($F$1),FALSE))),VLOOKUP($C11,武器!$1:$998,COLUMN($O$1),FALSE)*VLOOKUP($D11,素材!$1:$1016,COLUMN($E$1),FALSE)/(LEN(VLOOKUP($D11,素材!$1:$1016,COLUMN($F$1),FALSE)) - LEN(SUBSTITUTE(VLOOKUP($D11,素材!$1:$1016,COLUMN($F$1),FALSE), "・", 0)) + 1), 0) -> 0 | AF11: =IF(ISNUMBER(SEARCH(SUBSTITUTE(AF$1,RIGHT(AF$1,2),""),VLOOKUP($D11,素材!$1:$1016,COLUMN($F$1),FALSE))),VLOOKUP($C11,武器!$1:$998,COLUMN($O$1),FALSE)*VLOOKUP($D11,素材!$1:$1016,COLUMN($E$1),FALSE)/(LEN(VLOOKUP($D11,素材!$1:$1016,COLUMN($F$1),FALSE)) - LEN(SUBSTITUTE(VLOOKUP($D11,素材!$1:$1016,COLUMN($F$1),FALSE), "・", 0)) + 1), 0) -> 0 | AG11: =IF(ISNUMBER(SEARCH(SUBSTITUTE(AG$1,RIGHT(AG$1,2),""),VLOOKUP($D11,素材!$1:$1016,COLUMN($F$1),FALSE))),VLOOKUP($C11,武器!$1:$998,COLUMN($O$1),FALSE)*VLOOKUP($D11,素材!$1:$1016,COLUMN($E$1),FALSE)/(LEN(VLOOKUP($D11,素材!$1:$1016,COLUMN($F$1),FALSE)) - LEN(SUBSTITUTE(VLOOKUP($D11,素材!$1:$1016,COLUMN($F$1),FALSE), "・", 0)) + 1), 0) -> 0 | AH11: =IF(ISNUMBER(SEARCH(SUBSTITUTE(AH$1,RIGHT(AH$1,2),""),VLOOKUP($D11,素材!$1:$1016,COLUMN($F$1),FALSE))),VLOOKUP($C11,武器!$1:$998,COLUMN($O$1),FALSE)*VLOOKUP($D11,素材!$1:$1016,COLUMN($E$1),FALSE)/(LEN(VLOOKUP($D11,素材!$1:$1016,COLUMN($F$1),FALSE)) - LEN(SUBSTITUTE(VLOOKUP($D11,素材!$1:$1016,COLUMN($F$1),FALSE), "・", 0)) + 1), 0) -> 0 | ... BE11: =IF(ISNUMBER(SEARCH(SUBSTITUTE(BE$1,RIGHT(BE$1,2),""),VLOOKUP($D11,素材!$1:$1016,COLUMN($F$1),FALSE))),VLOOKUP($C11,武器!$1:$998,COLUMN($O$1),FALSE)*VLOOKUP($D11,素材!$1:$1016,COLUMN($E$1),FALSE)/(LEN(VLOOKUP($D11,素材!$1:$1016,COLUMN($F$1),FALSE)) - LEN(SUBSTITUTE(VLOOKUP($D11,素材!$1:$1016,COLUMN($F$1),FALSE), "・", 0)) + 1), 0) -> 0 | CL11: =SUM(G11:I11) -> 25 | CM11: =IF(E11="武器",IF(J11-1>SUM(G11:I11),"盾",IF(MAX(G11:I11)=G11,"切断",IF(MAX(G11:I11)=H11,"貫通",IF(MAX(G11:I11)=I11,"打撃","射撃")))),E11)&".webp" -> 貫通.webp | CN11: =IFERROR(VLOOKUP($C11,武器!$1:$998,COLUMN(V$1),FALSE)*VLOOKUP($D11,素材!$1:$1016,COLUMN(N$1),FALSE)+IF(CI11="",0,VLOOKUP($CI11,装強!$1:$1008,COLUMN($CK$1),FALSE)),"") -> 300 | CO11: =VLOOKUP(D11,素材!$A:$O,COLUMN(素材!O$1),FALSE) -> 一般的な鉄。量産品を作るのに使用されることが多い | CP11: =VLOOKUP(C11,武器!$A:$W,COLUMN(武器!W$1),FALSE) -> 短槍。短く扱いやすい槍で、投擲にも対応。 | CR11: ="e_"&ROW(CR11) -> e_11 | CS11: =CN11*100 -> 30000
A12: =D12&"の"&C12 -> 鉄の槍 | B12: =IFERROR(VLOOKUP($D12,素材!$1:$1016,COLUMN($B$1),FALSE)&"・"&VLOOKUP($C12,武器!$1:$998,COLUMN(B$1),FALSE),"") -> アイアン・スピア | C12: 槍 | D12: 鉄 | E12: =IFERROR(VLOOKUP(C12,武器!$1:$998,COLUMN(C$1),FALSE),"") -> 武器 | F12: =IFERROR(ROUNDDOWN((VLOOKUP($C12,武器!$1:$998,COLUMN(D$1),FALSE)+IFERROR(VLOOKUP($CI12,装強!$1:$999,COLUMN(F$1),FALSE),0))*VLOOKUP($D12,素材!$1:$1016,COLUMN(D$1),FALSE),0),"") -> 115 | G12: =IFERROR(ROUNDDOWN((VLOOKUP($C12,武器!$1:$998,COLUMN(E$1),FALSE)+IFERROR(VLOOKUP($CI12,装強!$1:$999,COLUMN(G$1),FALSE),0))*VLOOKUP($D12,素材!$1:$1016,COLUMN($E$1),FALSE),0),"") -> 8 | H12: =IFERROR(ROUNDDOWN((VLOOKUP($C12,武器!$1:$998,COLUMN(F$1),FALSE)+IFERROR(VLOOKUP($CI12,装強!$1:$999,COLUMN(H$1),FALSE),0))*VLOOKUP($D12,素材!$1:$1016,COLUMN($E$1),FALSE),0),"") -> 16 | I12: =IFERROR(ROUNDDOWN((VLOOKUP($C12,武器!$1:$998,COLUMN(G$1),FALSE)+IFERROR(VLOOKUP($CI12,装強!$1:$999,COLUMN(I$1),FALSE),0))*VLOOKUP($D12,素材!$1:$1016,COLUMN($E$1),FALSE),0),"") -> 3 | J12: =IFERROR(ROUNDDOWN((VLOOKUP($C12,武器!$1:$998,COLUMN(H$1),FALSE)+IFERROR(VLOOKUP($CI12,装強!$1:$999,COLUMN(J$1),FALSE),0))*VLOOKUP($D12,素材!$1:$1016,COLUMN($E$1),FALSE),0),"") -> 17 | K12: =IFERROR(ROUNDDOWN((VLOOKUP($C12,武器!$1:$998,COLUMN(I$1),FALSE)+IFERROR(VLOOKUP($CI12,装強!$1:$999,COLUMN(K$1),FALSE),0))*VLOOKUP($D12,素材!$1:$1016,COLUMN($E$1),FALSE),0),"") -> 0 | L12: =IFERROR(VLOOKUP($D12,素材!$1:$1016,COLUMN($F$1),FALSE),"") -> 0 | M12: =IFERROR(VLOOKUP($C12,武器!$1:$998,COLUMN(AA$1),FALSE)*VLOOKUP($D12,素材!$1:$1016,COLUMN($G$1),FALSE),"") -> 0 | N12: =IFERROR(VLOOKUP($C12,武器!$1:$998,COLUMN(I$1),FALSE),"") -> 0 | O12: =IFERROR((VLOOKUP($C12,武器!$1:$998,COLUMN(K$1),FALSE)+VLOOKUP($D12,素材!$1:$1016,COLUMN(H$1),FALSE))*100+IFERROR(VLOOKUP($CI12,装強!$1:$999,COLUMN(O$1),FALSE),0),"") -> 10 | P12: =IFERROR((VLOOKUP($C12,武器!$1:$998,COLUMN(L$1),FALSE)+VLOOKUP($D12,素材!$1:$1016,COLUMN(I$1),FALSE))*100+IFERROR(VLOOKUP($CI12,装強!$1:$999,COLUMN(P$1),FALSE),0),"") -> 150 | Q12: =IFERROR(ROUNDUP(VLOOKUP($C12,武器!$1:$998,COLUMN(M$1),FALSE)*(VLOOKUP($D12,素材!$1:$1002,COLUMN(D$1),FALSE)/100),1),"") -> 0 | R12: =IFERROR(ROUNDUP(VLOOKUP($C12,武器!$1:$998,COLUMN(N$1),FALSE)*(VLOOKUP($D12,素材!$1:$1002,COLUMN(D$1),FALSE)/100),1),"") -> -5 | S12: =IFERROR(VLOOKUP($C12,武器!$1:$998,COLUMN(P$1),FALSE),"") -> 0 | T12: =IFERROR(VLOOKUP($C12,武器!$1:$998,COLUMN(Q$1),FALSE),"") -> 0 | U12: =IFERROR(VLOOKUP($C12,武器!$1:$998,COLUMN(R$1),FALSE),"") -> 0 | V12: =IFERROR(VLOOKUP($C12,武器!$1:$998,COLUMN(Q$1),FALSE),"") -> 0 | W12: =IFERROR(VLOOKUP($C12,武器!$1:$998,COLUMN(T$1),FALSE),"") -> A | Y12: =IFERROR(VLOOKUP($C12,武器!$1:$998,COLUMN(U$1),FALSE),"") -> 投擲強化 | Z12: =IFERROR(ROUNDUP(VLOOKUP($C12,武器!$1:$998,COLUMN(O$1),FALSE)*VLOOKUP($D12,素材!$1:$1016,COLUMN(E$1),FALSE),1),"") -> 0 | AA12: =IF(ISNUMBER(SEARCH(SUBSTITUTE(AA$1,RIGHT(AA$1,2),""),VLOOKUP($D12,素材!$1:$1016,COLUMN($F$1),FALSE))),VLOOKUP($C12,武器!$1:$998,COLUMN($O$1),FALSE)*VLOOKUP($D12,素材!$1:$1016,COLUMN($E$1),FALSE)/(LEN(VLOOKUP($D12,素材!$1:$1016,COLUMN($F$1),FALSE)) - LEN(SUBSTITUTE(VLOOKUP($D12,素材!$1:$1016,COLUMN($F$1),FALSE), "・", 0)) + 1), 0) -> 0 | AB12: =IF(ISNUMBER(SEARCH(SUBSTITUTE(AB$1,RIGHT(AB$1,2),""),VLOOKUP($D12,素材!$1:$1016,COLUMN($F$1),FALSE))),VLOOKUP($C12,武器!$1:$998,COLUMN($O$1),FALSE)*VLOOKUP($D12,素材!$1:$1016,COLUMN($E$1),FALSE)/(LEN(VLOOKUP($D12,素材!$1:$1016,COLUMN($F$1),FALSE)) - LEN(SUBSTITUTE(VLOOKUP($D12,素材!$1:$1016,COLUMN($F$1),FALSE), "・", 0)) + 1), 0) -> 0 | AC12: =IF(ISNUMBER(SEARCH(SUBSTITUTE(AC$1,RIGHT(AC$1,2),""),VLOOKUP($D12,素材!$1:$1016,COLUMN($F$1),FALSE))),VLOOKUP($C12,武器!$1:$998,COLUMN($O$1),FALSE)*VLOOKUP($D12,素材!$1:$1016,COLUMN($E$1),FALSE)/(LEN(VLOOKUP($D12,素材!$1:$1016,COLUMN($F$1),FALSE)) - LEN(SUBSTITUTE(VLOOKUP($D12,素材!$1:$1016,COLUMN($F$1),FALSE), "・", 0)) + 1), 0) -> 0 | AD12: =IF(ISNUMBER(SEARCH(SUBSTITUTE(AD$1,RIGHT(AD$1,2),""),VLOOKUP($D12,素材!$1:$1016,COLUMN($F$1),FALSE))),VLOOKUP($C12,武器!$1:$998,COLUMN($O$1),FALSE)*VLOOKUP($D12,素材!$1:$1016,COLUMN($E$1),FALSE)/(LEN(VLOOKUP($D12,素材!$1:$1016,COLUMN($F$1),FALSE)) - LEN(SUBSTITUTE(VLOOKUP($D12,素材!$1:$1016,COLUMN($F$1),FALSE), "・", 0)) + 1), 0) -> 0 | AE12: =IF(ISNUMBER(SEARCH(SUBSTITUTE(AE$1,RIGHT(AE$1,2),""),VLOOKUP($D12,素材!$1:$1016,COLUMN($F$1),FALSE))),VLOOKUP($C12,武器!$1:$998,COLUMN($O$1),FALSE)*VLOOKUP($D12,素材!$1:$1016,COLUMN($E$1),FALSE)/(LEN(VLOOKUP($D12,素材!$1:$1016,COLUMN($F$1),FALSE)) - LEN(SUBSTITUTE(VLOOKUP($D12,素材!$1:$1016,COLUMN($F$1),FALSE), "・", 0)) + 1), 0) -> 0 | AF12: =IF(ISNUMBER(SEARCH(SUBSTITUTE(AF$1,RIGHT(AF$1,2),""),VLOOKUP($D12,素材!$1:$1016,COLUMN($F$1),FALSE))),VLOOKUP($C12,武器!$1:$998,COLUMN($O$1),FALSE)*VLOOKUP($D12,素材!$1:$1016,COLUMN($E$1),FALSE)/(LEN(VLOOKUP($D12,素材!$1:$1016,COLUMN($F$1),FALSE)) - LEN(SUBSTITUTE(VLOOKUP($D12,素材!$1:$1016,COLUMN($F$1),FALSE), "・", 0)) + 1), 0) -> 0 | AG12: =IF(ISNUMBER(SEARCH(SUBSTITUTE(AG$1,RIGHT(AG$1,2),""),VLOOKUP($D12,素材!$1:$1016,COLUMN($F$1),FALSE))),VLOOKUP($C12,武器!$1:$998,COLUMN($O$1),FALSE)*VLOOKUP($D12,素材!$1:$1016,COLUMN($E$1),FALSE)/(LEN(VLOOKUP($D12,素材!$1:$1016,COLUMN($F$1),FALSE)) - LEN(SUBSTITUTE(VLOOKUP($D12,素材!$1:$1016,COLUMN($F$1),FALSE), "・", 0)) + 1), 0) -> 0 | AH12: =IF(ISNUMBER(SEARCH(SUBSTITUTE(AH$1,RIGHT(AH$1,2),""),VLOOKUP($D12,素材!$1:$1016,COLUMN($F$1),FALSE))),VLOOKUP($C12,武器!$1:$998,COLUMN($O$1),FALSE)*VLOOKUP($D12,素材!$1:$1016,COLUMN($E$1),FALSE)/(LEN(VLOOKUP($D12,素材!$1:$1016,COLUMN($F$1),FALSE)) - LEN(SUBSTITUTE(VLOOKUP($D12,素材!$1:$1016,COLUMN($F$1),FALSE), "・", 0)) + 1), 0) -> 0 | ... BE12: =IF(ISNUMBER(SEARCH(SUBSTITUTE(BE$1,RIGHT(BE$1,2),""),VLOOKUP($D12,素材!$1:$1016,COLUMN($F$1),FALSE))),VLOOKUP($C12,武器!$1:$998,COLUMN($O$1),FALSE)*VLOOKUP($D12,素材!$1:$1016,COLUMN($E$1),FALSE)/(LEN(VLOOKUP($D12,素材!$1:$1016,COLUMN($F$1),FALSE)) - LEN(SUBSTITUTE(VLOOKUP($D12,素材!$1:$1016,COLUMN($F$1),FALSE), "・", 0)) + 1), 0) -> 0 | CL12: =SUM(G12:I12) -> 27 | CM12: =IF(E12="武器",IF(J12-1>SUM(G12:I12),"盾",IF(MAX(G12:I12)=G12,"切断",IF(MAX(G12:I12)=H12,"貫通",IF(MAX(G12:I12)=I12,"打撃","射撃")))),E12)&".webp" -> 貫通.webp | CN12: =IFERROR(VLOOKUP($C12,武器!$1:$998,COLUMN(V$1),FALSE)*VLOOKUP($D12,素材!$1:$1016,COLUMN(N$1),FALSE)+IF(CI12="",0,VLOOKUP($CI12,装強!$1:$1008,COLUMN($CK$1),FALSE)),"") -> 400 | CO12: =VLOOKUP(D12,素材!$A:$O,COLUMN(素材!O$1),FALSE) -> 一般的な鉄。量産品を作るのに使用されることが多い | CP12: =VLOOKUP(C12,武器!$A:$W,COLUMN(武器!W$1),FALSE) -> 槍。リーチが長く、刺突に優れる武器。 | CR12: ="e_"&ROW(CR12) -> e_12 | CS12: =CN12*100 -> 40000
A13: =D13&"の"&C13 -> 鉄の騎士槍 | B13: =IFERROR(VLOOKUP($D13,素材!$1:$1016,COLUMN($B$1),FALSE)&"・"&VLOOKUP($C13,武器!$1:$998,COLUMN(B$1),FALSE),"") -> アイアン・ランス | C13: 騎士槍 | D13: 鉄 | E13: =IFERROR(VLOOKUP(C13,武器!$1:$998,COLUMN(C$1),FALSE),"") -> 武器 | F13: =IFERROR(ROUNDDOWN((VLOOKUP($C13,武器!$1:$998,COLUMN(D$1),FALSE)+IFERROR(VLOOKUP($CI13,装強!$1:$999,COLUMN(F$1),FALSE),0))*VLOOKUP($D13,素材!$1:$1016,COLUMN(D$1),FALSE),0),"") -> 115 | G13: =IFERROR(ROUNDDOWN((VLOOKUP($C13,武器!$1:$998,COLUMN(E$1),FALSE)+IFERROR(VLOOKUP($CI13,装強!$1:$999,COLUMN(G$1),FALSE),0))*VLOOKUP($D13,素材!$1:$1016,COLUMN($E$1),FALSE),0),"") -> 0 | H13: =IFERROR(ROUNDDOWN((VLOOKUP($C13,武器!$1:$998,COLUMN(F$1),FALSE)+IFERROR(VLOOKUP($CI13,装強!$1:$999,COLUMN(H$1),FALSE),0))*VLOOKUP($D13,素材!$1:$1016,COLUMN($E$1),FALSE),0),"") -> 19 | I13: =IFERROR(ROUNDDOWN((VLOOKUP($C13,武器!$1:$998,COLUMN(G$1),FALSE)+IFERROR(VLOOKUP($CI13,装強!$1:$999,COLUMN(I$1),FALSE),0))*VLOOKUP($D13,素材!$1:$1016,COLUMN($E$1),FALSE),0),"") -> 9 | J13: =IFERROR(ROUNDDOWN((VLOOKUP($C13,武器!$1:$998,COLUMN(H$1),FALSE)+IFERROR(VLOOKUP($CI13,装強!$1:$999,COLUMN(J$1),FALSE),0))*VLOOKUP($D13,素材!$1:$1016,COLUMN($E$1),FALSE),0),"") -> 20 | K13: =IFERROR(ROUNDDOWN((VLOOKUP($C13,武器!$1:$998,COLUMN(I$1),FALSE)+IFERROR(VLOOKUP($CI13,装強!$1:$999,COLUMN(K$1),FALSE),0))*VLOOKUP($D13,素材!$1:$1016,COLUMN($E$1),FALSE),0),"") -> 0 | L13: =IFERROR(VLOOKUP($D13,素材!$1:$1016,COLUMN($F$1),FALSE),"") -> 0 | M13: =IFERROR(VLOOKUP($C13,武器!$1:$998,COLUMN(AA$1),FALSE)*VLOOKUP($D13,素材!$1:$1016,COLUMN($G$1),FALSE),"") -> 0 | N13: =IFERROR(VLOOKUP($C13,武器!$1:$998,COLUMN(I$1),FALSE),"") -> 0 | O13: =IFERROR((VLOOKUP($C13,武器!$1:$998,COLUMN(K$1),FALSE)+VLOOKUP($D13,素材!$1:$1016,COLUMN(H$1),FALSE))*100+IFERROR(VLOOKUP($CI13,装強!$1:$999,COLUMN(O$1),FALSE),0),"") -> 5 | P13: =IFERROR((VLOOKUP($C13,武器!$1:$998,COLUMN(L$1),FALSE)+VLOOKUP($D13,素材!$1:$1016,COLUMN(I$1),FALSE))*100+IFERROR(VLOOKUP($CI13,装強!$1:$999,COLUMN(P$1),FALSE),0),"") -> 175 | Q13: =IFERROR(ROUNDUP(VLOOKUP($C13,武器!$1:$998,COLUMN(M$1),FALSE)*(VLOOKUP($D13,素材!$1:$1002,COLUMN(D$1),FALSE)/100),1),"") -> -5 | R13: =IFERROR(ROUNDUP(VLOOKUP($C13,武器!$1:$998,COLUMN(N$1),FALSE)*(VLOOKUP($D13,素材!$1:$1002,COLUMN(D$1),FALSE)/100),1),"") -> -5 | S13: =IFERROR(VLOOKUP($C13,武器!$1:$998,COLUMN(P$1),FALSE),"") -> 0 | T13: =IFERROR(VLOOKUP($C13,武器!$1:$998,COLUMN(Q$1),FALSE),"") -> 0 | U13: =IFERROR(VLOOKUP($C13,武器!$1:$998,COLUMN(R$1),FALSE),"") -> 0 | V13: =IFERROR(VLOOKUP($C13,武器!$1:$998,COLUMN(Q$1),FALSE),"") -> 0 | W13: =IFERROR(VLOOKUP($C13,武器!$1:$998,COLUMN(T$1),FALSE),"") -> A | Y13: =IFERROR(VLOOKUP($C13,武器!$1:$998,COLUMN(U$1),FALSE),"") -> 突撃強化 | Z13: =IFERROR(ROUNDUP(VLOOKUP($C13,武器!$1:$998,COLUMN(O$1),FALSE)*VLOOKUP($D13,素材!$1:$1016,COLUMN(E$1),FALSE),1),"") -> 0 | AA13: =IF(ISNUMBER(SEARCH(SUBSTITUTE(AA$1,RIGHT(AA$1,2),""),VLOOKUP($D13,素材!$1:$1016,COLUMN($F$1),FALSE))),VLOOKUP($C13,武器!$1:$998,COLUMN($O$1),FALSE)*VLOOKUP($D13,素材!$1:$1016,COLUMN($E$1),FALSE)/(LEN(VLOOKUP($D13,素材!$1:$1016,COLUMN($F$1),FALSE)) - LEN(SUBSTITUTE(VLOOKUP($D13,素材!$1:$1016,COLUMN($F$1),FALSE), "・", 0)) + 1), 0) -> 0 | AB13: =IF(ISNUMBER(SEARCH(SUBSTITUTE(AB$1,RIGHT(AB$1,2),""),VLOOKUP($D13,素材!$1:$1016,COLUMN($F$1),FALSE))),VLOOKUP($C13,武器!$1:$998,COLUMN($O$1),FALSE)*VLOOKUP($D13,素材!$1:$1016,COLUMN($E$1),FALSE)/(LEN(VLOOKUP($D13,素材!$1:$1016,COLUMN($F$1),FALSE)) - LEN(SUBSTITUTE(VLOOKUP($D13,素材!$1:$1016,COLUMN($F$1),FALSE), "・", 0)) + 1), 0) -> 0 | AC13: =IF(ISNUMBER(SEARCH(SUBSTITUTE(AC$1,RIGHT(AC$1,2),""),VLOOKUP($D13,素材!$1:$1016,COLUMN($F$1),FALSE))),VLOOKUP($C13,武器!$1:$998,COLUMN($O$1),FALSE)*VLOOKUP($D13,素材!$1:$1016,COLUMN($E$1),FALSE)/(LEN(VLOOKUP($D13,素材!$1:$1016,COLUMN($F$1),FALSE)) - LEN(SUBSTITUTE(VLOOKUP($D13,素材!$1:$1016,COLUMN($F$1),FALSE), "・", 0)) + 1), 0) -> 0 | AD13: =IF(ISNUMBER(SEARCH(SUBSTITUTE(AD$1,RIGHT(AD$1,2),""),VLOOKUP($D13,素材!$1:$1016,COLUMN($F$1),FALSE))),VLOOKUP($C13,武器!$1:$998,COLUMN($O$1),FALSE)*VLOOKUP($D13,素材!$1:$1016,COLUMN($E$1),FALSE)/(LEN(VLOOKUP($D13,素材!$1:$1016,COLUMN($F$1),FALSE)) - LEN(SUBSTITUTE(VLOOKUP($D13,素材!$1:$1016,COLUMN($F$1),FALSE), "・", 0)) + 1), 0) -> 0 | AE13: =IF(ISNUMBER(SEARCH(SUBSTITUTE(AE$1,RIGHT(AE$1,2),""),VLOOKUP($D13,素材!$1:$1016,COLUMN($F$1),FALSE))),VLOOKUP($C13,武器!$1:$998,COLUMN($O$1),FALSE)*VLOOKUP($D13,素材!$1:$1016,COLUMN($E$1),FALSE)/(LEN(VLOOKUP($D13,素材!$1:$1016,COLUMN($F$1),FALSE)) - LEN(SUBSTITUTE(VLOOKUP($D13,素材!$1:$1016,COLUMN($F$1),FALSE), "・", 0)) + 1), 0) -> 0 | AF13: =IF(ISNUMBER(SEARCH(SUBSTITUTE(AF$1,RIGHT(AF$1,2),""),VLOOKUP($D13,素材!$1:$1016,COLUMN($F$1),FALSE))),VLOOKUP($C13,武器!$1:$998,COLUMN($O$1),FALSE)*VLOOKUP($D13,素材!$1:$1016,COLUMN($E$1),FALSE)/(LEN(VLOOKUP($D13,素材!$1:$1016,COLUMN($F$1),FALSE)) - LEN(SUBSTITUTE(VLOOKUP($D13,素材!$1:$1016,COLUMN($F$1),FALSE), "・", 0)) + 1), 0) -> 0 | AG13: =IF(ISNUMBER(SEARCH(SUBSTITUTE(AG$1,RIGHT(AG$1,2),""),VLOOKUP($D13,素材!$1:$1016,COLUMN($F$1),FALSE))),VLOOKUP($C13,武器!$1:$998,COLUMN($O$1),FALSE)*VLOOKUP($D13,素材!$1:$1016,COLUMN($E$1),FALSE)/(LEN(VLOOKUP($D13,素材!$1:$1016,COLUMN($F$1),FALSE)) - LEN(SUBSTITUTE(VLOOKUP($D13,素材!$1:$1016,COLUMN($F$1),FALSE), "・", 0)) + 1), 0) -> 0 | AH13: =IF(ISNUMBER(SEARCH(SUBSTITUTE(AH$1,RIGHT(AH$1,2),""),VLOOKUP($D13,素材!$1:$1016,COLUMN($F$1),FALSE))),VLOOKUP($C13,武器!$1:$998,COLUMN($O$1),FALSE)*VLOOKUP($D13,素材!$1:$1016,COLUMN($E$1),FALSE)/(LEN(VLOOKUP($D13,素材!$1:$1016,COLUMN($F$1),FALSE)) - LEN(SUBSTITUTE(VLOOKUP($D13,素材!$1:$1016,COLUMN($F$1),FALSE), "・", 0)) + 1), 0) -> 0 | ... BE13: =IF(ISNUMBER(SEARCH(SUBSTITUTE(BE$1,RIGHT(BE$1,2),""),VLOOKUP($D13,素材!$1:$1016,COLUMN($F$1),FALSE))),VLOOKUP($C13,武器!$1:$998,COLUMN($O$1),FALSE)*VLOOKUP($D13,素材!$1:$1016,COLUMN($E$1),FALSE)/(LEN(VLOOKUP($D13,素材!$1:$1016,COLUMN($F$1),FALSE)) - LEN(SUBSTITUTE(VLOOKUP($D13,素材!$1:$1016,COLUMN($F$1),FALSE), "・", 0)) + 1), 0) -> 0 | CL13: =SUM(G13:I13) -> 28 | CM13: =IF(E13="武器",IF(J13-1>SUM(G13:I13),"盾",IF(MAX(G13:I13)=G13,"切断",IF(MAX(G13:I13)=H13,"貫通",IF(MAX(G13:I13)=I13,"打撃","射撃")))),E13)&".webp" -> 貫通.webp | CN13: =IFERROR(VLOOKUP($C13,武器!$1:$998,COLUMN(V$1),FALSE)*VLOOKUP($D13,素材!$1:$1016,COLUMN(N$1),FALSE)+IF(CI13="",0,VLOOKUP($CI13,装強!$1:$1008,COLUMN($CK$1),FALSE)),"") -> 600 | CO13: =VLOOKUP(D13,素材!$A:$O,COLUMN(素材!O$1),FALSE) -> 一般的な鉄。量産品を作るのに使用されることが多い | CP13: =VLOOKUP(C13,武器!$A:$W,COLUMN(武器!W$1),FALSE) -> 騎士槍。突撃に特化した武器で、高い攻撃力を誇る。 | CR13: ="e_"&ROW(CR13) -> e_13 | CS13: =CN13*100 -> 60000
A14: =D14&"の"&C14 -> 鉄の斧槍 | B14: =IFERROR(VLOOKUP($D14,素材!$1:$1016,COLUMN($B$1),FALSE)&"・"&VLOOKUP($C14,武器!$1:$998,COLUMN(B$1),FALSE),"") -> アイアン・ハルバート | C14: 斧槍 | D14: 鉄 | E14: =IFERROR(VLOOKUP(C14,武器!$1:$998,COLUMN(C$1),FALSE),"") -> 武器 | F14: =IFERROR(ROUNDDOWN((VLOOKUP($C14,武器!$1:$998,COLUMN(D$1),FALSE)+IFERROR(VLOOKUP($CI14,装強!$1:$999,COLUMN(F$1),FALSE),0))*VLOOKUP($D14,素材!$1:$1016,COLUMN(D$1),FALSE),0),"") -> 110 | G14: =IFERROR(ROUNDDOWN((VLOOKUP($C14,武器!$1:$998,COLUMN(E$1),FALSE)+IFERROR(VLOOKUP($CI14,装強!$1:$999,COLUMN(G$1),FALSE),0))*VLOOKUP($D14,素材!$1:$1016,COLUMN($E$1),FALSE),0),"") -> 8 | H14: =IFERROR(ROUNDDOWN((VLOOKUP($C14,武器!$1:$998,COLUMN(F$1),FALSE)+IFERROR(VLOOKUP($CI14,装強!$1:$999,COLUMN(H$1),FALSE),0))*VLOOKUP($D14,素材!$1:$1016,COLUMN($E$1),FALSE),0),"") -> 10 | I14: =IFERROR(ROUNDDOWN((VLOOKUP($C14,武器!$1:$998,COLUMN(G$1),FALSE)+IFERROR(VLOOKUP($CI14,装強!$1:$999,COLUMN(I$1),FALSE),0))*VLOOKUP($D14,素材!$1:$1016,COLUMN($E$1),FALSE),0),"") -> 6 | J14: =IFERROR(ROUNDDOWN((VLOOKUP($C14,武器!$1:$998,COLUMN(H$1),FALSE)+IFERROR(VLOOKUP($CI14,装強!$1:$999,COLUMN(J$1),FALSE),0))*VLOOKUP($D14,素材!$1:$1016,COLUMN($E$1),FALSE),0),"") -> 19 | K14: =IFERROR(ROUNDDOWN((VLOOKUP($C14,武器!$1:$998,COLUMN(I$1),FALSE)+IFERROR(VLOOKUP($CI14,装強!$1:$999,COLUMN(K$1),FALSE),0))*VLOOKUP($D14,素材!$1:$1016,COLUMN($E$1),FALSE),0),"") -> 0 | L14: =IFERROR(VLOOKUP($D14,素材!$1:$1016,COLUMN($F$1),FALSE),"") -> 0 | M14: =IFERROR(VLOOKUP($C14,武器!$1:$998,COLUMN(AA$1),FALSE)*VLOOKUP($D14,素材!$1:$1016,COLUMN($G$1),FALSE),"") -> 0 | N14: =IFERROR(VLOOKUP($C14,武器!$1:$998,COLUMN(I$1),FALSE),"") -> 0 | O14: =IFERROR((VLOOKUP($C14,武器!$1:$998,COLUMN(K$1),FALSE)+VLOOKUP($D14,素材!$1:$1016,COLUMN(H$1),FALSE))*100+IFERROR(VLOOKUP($CI14,装強!$1:$999,COLUMN(O$1),FALSE),0),"") -> 10 | P14: =IFERROR((VLOOKUP($C14,武器!$1:$998,COLUMN(L$1),FALSE)+VLOOKUP($D14,素材!$1:$1016,COLUMN(I$1),FALSE))*100+IFERROR(VLOOKUP($CI14,装強!$1:$999,COLUMN(P$1),FALSE),0),"") -> 150 | Q14: =IFERROR(ROUNDUP(VLOOKUP($C14,武器!$1:$998,COLUMN(M$1),FALSE)*(VLOOKUP($D14,素材!$1:$1002,COLUMN(D$1),FALSE)/100),1),"") -> -5 | R14: =IFERROR(ROUNDUP(VLOOKUP($C14,武器!$1:$998,COLUMN(N$1),FALSE)*(VLOOKUP($D14,素材!$1:$1002,COLUMN(D$1),FALSE)/100),1),"") -> -5 | S14: =IFERROR(VLOOKUP($C14,武器!$1:$998,COLUMN(P$1),FALSE),"") -> 0 | T14: =IFERROR(VLOOKUP($C14,武器!$1:$998,COLUMN(Q$1),FALSE),"") -> 0 | U14: =IFERROR(VLOOKUP($C14,武器!$1:$998,COLUMN(R$1),FALSE),"") -> 0 | V14: =IFERROR(VLOOKUP($C14,武器!$1:$998,COLUMN(Q$1),FALSE),"") -> 0 | W14: =IFERROR(VLOOKUP($C14,武器!$1:$998,COLUMN(T$1),FALSE),"") -> A | Y14: =IFERROR(VLOOKUP($C14,武器!$1:$998,COLUMN(U$1),FALSE),"") -> 0 | Z14: =IFERROR(ROUNDUP(VLOOKUP($C14,武器!$1:$998,COLUMN(O$1),FALSE)*VLOOKUP($D14,素材!$1:$1016,COLUMN(E$1),FALSE),1),"") -> 0 | AA14: =IF(ISNUMBER(SEARCH(SUBSTITUTE(AA$1,RIGHT(AA$1,2),""),VLOOKUP($D14,素材!$1:$1016,COLUMN($F$1),FALSE))),VLOOKUP($C14,武器!$1:$998,COLUMN($O$1),FALSE)*VLOOKUP($D14,素材!$1:$1016,COLUMN($E$1),FALSE)/(LEN(VLOOKUP($D14,素材!$1:$1016,COLUMN($F$1),FALSE)) - LEN(SUBSTITUTE(VLOOKUP($D14,素材!$1:$1016,COLUMN($F$1),FALSE), "・", 0)) + 1), 0) -> 0 | AB14: =IF(ISNUMBER(SEARCH(SUBSTITUTE(AB$1,RIGHT(AB$1,2),""),VLOOKUP($D14,素材!$1:$1016,COLUMN($F$1),FALSE))),VLOOKUP($C14,武器!$1:$998,COLUMN($O$1),FALSE)*VLOOKUP($D14,素材!$1:$1016,COLUMN($E$1),FALSE)/(LEN(VLOOKUP($D14,素材!$1:$1016,COLUMN($F$1),FALSE)) - LEN(SUBSTITUTE(VLOOKUP($D14,素材!$1:$1016,COLUMN($F$1),FALSE), "・", 0)) + 1), 0) -> 0 | AC14: =IF(ISNUMBER(SEARCH(SUBSTITUTE(AC$1,RIGHT(AC$1,2),""),VLOOKUP($D14,素材!$1:$1016,COLUMN($F$1),FALSE))),VLOOKUP($C14,武器!$1:$998,COLUMN($O$1),FALSE)*VLOOKUP($D14,素材!$1:$1016,COLUMN($E$1),FALSE)/(LEN(VLOOKUP($D14,素材!$1:$1016,COLUMN($F$1),FALSE)) - LEN(SUBSTITUTE(VLOOKUP($D14,素材!$1:$1016,COLUMN($F$1),FALSE), "・", 0)) + 1), 0) -> 0 | AD14: =IF(ISNUMBER(SEARCH(SUBSTITUTE(AD$1,RIGHT(AD$1,2),""),VLOOKUP($D14,素材!$1:$1016,COLUMN($F$1),FALSE))),VLOOKUP($C14,武器!$1:$998,COLUMN($O$1),FALSE)*VLOOKUP($D14,素材!$1:$1016,COLUMN($E$1),FALSE)/(LEN(VLOOKUP($D14,素材!$1:$1016,COLUMN($F$1),FALSE)) - LEN(SUBSTITUTE(VLOOKUP($D14,素材!$1:$1016,COLUMN($F$1),FALSE), "・", 0)) + 1), 0) -> 0 | AE14: =IF(ISNUMBER(SEARCH(SUBSTITUTE(AE$1,RIGHT(AE$1,2),""),VLOOKUP($D14,素材!$1:$1016,COLUMN($F$1),FALSE))),VLOOKUP($C14,武器!$1:$998,COLUMN($O$1),FALSE)*VLOOKUP($D14,素材!$1:$1016,COLUMN($E$1),FALSE)/(LEN(VLOOKUP($D14,素材!$1:$1016,COLUMN($F$1),FALSE)) - LEN(SUBSTITUTE(VLOOKUP($D14,素材!$1:$1016,COLUMN($F$1),FALSE), "・", 0)) + 1), 0) -> 0 | AF14: =IF(ISNUMBER(SEARCH(SUBSTITUTE(AF$1,RIGHT(AF$1,2),""),VLOOKUP($D14,素材!$1:$1016,COLUMN($F$1),FALSE))),VLOOKUP($C14,武器!$1:$998,COLUMN($O$1),FALSE)*VLOOKUP($D14,素材!$1:$1016,COLUMN($E$1),FALSE)/(LEN(VLOOKUP($D14,素材!$1:$1016,COLUMN($F$1),FALSE)) - LEN(SUBSTITUTE(VLOOKUP($D14,素材!$1:$1016,COLUMN($F$1),FALSE), "・", 0)) + 1), 0) -> 0 | AG14: =IF(ISNUMBER(SEARCH(SUBSTITUTE(AG$1,RIGHT(AG$1,2),""),VLOOKUP($D14,素材!$1:$1016,COLUMN($F$1),FALSE))),VLOOKUP($C14,武器!$1:$998,COLUMN($O$1),FALSE)*VLOOKUP($D14,素材!$1:$1016,COLUMN($E$1),FALSE)/(LEN(VLOOKUP($D14,素材!$1:$1016,COLUMN($F$1),FALSE)) - LEN(SUBSTITUTE(VLOOKUP($D14,素材!$1:$1016,COLUMN($F$1),FALSE), "・", 0)) + 1), 0) -> 0 | AH14: =IF(ISNUMBER(SEARCH(SUBSTITUTE(AH$1,RIGHT(AH$1,2),""),VLOOKUP($D14,素材!$1:$1016,COLUMN($F$1),FALSE))),VLOOKUP($C14,武器!$1:$998,COLUMN($O$1),FALSE)*VLOOKUP($D14,素材!$1:$1016,COLUMN($E$1),FALSE)/(LEN(VLOOKUP($D14,素材!$1:$1016,COLUMN($F$1),FALSE)) - LEN(SUBSTITUTE(VLOOKUP($D14,素材!$1:$1016,COLUMN($F$1),FALSE), "・", 0)) + 1), 0) -> 0 | ... BE14: =IF(ISNUMBER(SEARCH(SUBSTITUTE(BE$1,RIGHT(BE$1,2),""),VLOOKUP($D14,素材!$1:$1016,COLUMN($F$1),FALSE))),VLOOKUP($C14,武器!$1:$998,COLUMN($O$1),FALSE)*VLOOKUP($D14,素材!$1:$1016,COLUMN($E$1),FALSE)/(LEN(VLOOKUP($D14,素材!$1:$1016,COLUMN($F$1),FALSE)) - LEN(SUBSTITUTE(VLOOKUP($D14,素材!$1:$1016,COLUMN($F$1),FALSE), "・", 0)) + 1), 0) -> 0 | CL14: =SUM(G14:I14) -> 24 | CM14: =IF(E14="武器",IF(J14-1>SUM(G14:I14),"盾",IF(MAX(G14:I14)=G14,"切断",IF(MAX(G14:I14)=H14,"貫通",IF(MAX(G14:I14)=I14,"打撃","射撃")))),E14)&".webp" -> 貫通.webp | CN14: =IFERROR(VLOOKUP($C14,武器!$1:$998,COLUMN(V$1),FALSE)*VLOOKUP($D14,素材!$1:$1016,COLUMN(N$1),FALSE)+IF(CI14="",0,VLOOKUP($CI14,装強!$1:$1008,COLUMN($CK$1),FALSE)),"") -> 500 | CO14: =VLOOKUP(D14,素材!$A:$O,COLUMN(素材!O$1),FALSE) -> 一般的な鉄。量産品を作るのに使用されることが多い | CP14: =VLOOKUP(C14,武器!$A:$W,COLUMN(武器!W$1),FALSE) -> 斧槍。全力時に威力が高く斬撃と突撃の両方に対応できる武器。 | CR14: ="e_"&ROW(CR14) -> e_14 | CS14: =CN14*100 -> 50000
... A76: =D76&"の"&C76 -> 木の靴 | B76: =IFERROR(VLOOKUP($D76,素材!$1:$1016,COLUMN($B$1),FALSE)&"・"&VLOOKUP($C76,武器!$1:$998,COLUMN(B$1),FALSE),"") -> ウッド・ブーツ | C76: 靴 | D76: 木 | E76: =IFERROR(VLOOKUP(C76,武器!$1:$998,COLUMN(C$1),FALSE),"") -> 足 | F76: =IFERROR(ROUNDDOWN((VLOOKUP($C76,武器!$1:$998,COLUMN(D$1),FALSE)+IFERROR(VLOOKUP($CI76,装強!$1:$999,COLUMN(F$1),FALSE),0))*VLOOKUP($D76,素材!$1:$1016,COLUMN(D$1),FALSE),0),"") -> 0 | G76: =IFERROR(ROUNDDOWN((VLOOKUP($C76,武器!$1:$998,COLUMN(E$1),FALSE)+IFERROR(VLOOKUP($CI76,装強!$1:$999,COLUMN(G$1),FALSE),0))*VLOOKUP($D76,素材!$1:$1016,COLUMN($E$1),FALSE),0),"") -> 0 | H76: =IFERROR(ROUNDDOWN((VLOOKUP($C76,武器!$1:$998,COLUMN(F$1),FALSE)+IFERROR(VLOOKUP($CI76,装強!$1:$999,COLUMN(H$1),FALSE),0))*VLOOKUP($D76,素材!$1:$1016,COLUMN($E$1),FALSE),0),"") -> 0 | I76: =IFERROR(ROUNDDOWN((VLOOKUP($C76,武器!$1:$998,COLUMN(G$1),FALSE)+IFERROR(VLOOKUP($CI76,装強!$1:$999,COLUMN(I$1),FALSE),0))*VLOOKUP($D76,素材!$1:$1016,COLUMN($E$1),FALSE),0),"") -> 15 | J76: =IFERROR(ROUNDDOWN((VLOOKUP($C76,武器!$1:$998,COLUMN(H$1),FALSE)+IFERROR(VLOOKUP($CI76,装強!$1:$999,COLUMN(J$1),FALSE),0))*VLOOKUP($D76,素材!$1:$1016,COLUMN($E$1),FALSE),0),"") -> 0 | K76: =IFERROR(ROUNDDOWN((VLOOKUP($C76,武器!$1:$998,COLUMN(I$1),FALSE)+IFERROR(VLOOKUP($CI76,装強!$1:$999,COLUMN(K$1),FALSE),0))*VLOOKUP($D76,素材!$1:$1016,COLUMN($E$1),FALSE),0),"") -> 0 | L76: =IFERROR(VLOOKUP($D76,素材!$1:$1016,COLUMN($F$1),FALSE),"") -> 0 | M76: =IFERROR(VLOOKUP($C76,武器!$1:$998,COLUMN(AA$1),FALSE)*VLOOKUP($D76,素材!$1:$1016,COLUMN($G$1),FALSE),"") -> 0 | N76: =IFERROR(VLOOKUP($C76,武器!$1:$998,COLUMN(I$1),FALSE),"") -> 0 | O76: =IFERROR((VLOOKUP($C76,武器!$1:$998,COLUMN(K$1),FALSE)+VLOOKUP($D76,素材!$1:$1016,COLUMN(H$1),FALSE))*100+IFERROR(VLOOKUP($CI76,装強!$1:$999,COLUMN(O$1),FALSE),0),"") -> 10 | P76: =IFERROR((VLOOKUP($C76,武器!$1:$998,COLUMN(L$1),FALSE)+VLOOKUP($D76,素材!$1:$1016,COLUMN(I$1),FALSE))*100+IFERROR(VLOOKUP($CI76,装強!$1:$999,COLUMN(P$1),FALSE),0),"") -> 150 | Q76: =IFERROR(ROUNDUP(VLOOKUP($C76,武器!$1:$998,COLUMN(M$1),FALSE)*(VLOOKUP($D76,素材!$1:$1002,COLUMN(D$1),FALSE)/100),1),"") -> 0 | R76: =IFERROR(ROUNDUP(VLOOKUP($C76,武器!$1:$998,COLUMN(N$1),FALSE)*(VLOOKUP($D76,素材!$1:$1002,COLUMN(D$1),FALSE)/100),1),"") -> 0 | S76: =IFERROR(VLOOKUP($C76,武器!$1:$998,COLUMN(P$1),FALSE),"") -> 0 | T76: =IFERROR(VLOOKUP($C76,武器!$1:$998,COLUMN(Q$1),FALSE),"") -> 0 | U76: =IFERROR(VLOOKUP($C76,武器!$1:$998,COLUMN(R$1),FALSE),"") -> 0 | V76: =IFERROR(VLOOKUP($C76,武器!$1:$998,COLUMN(Q$1),FALSE),"") -> 0 | W76: =IFERROR(VLOOKUP($C76,武器!$1:$998,COLUMN(T$1),FALSE),"") -> 0 | Y76: =IFERROR(VLOOKUP($C76,武器!$1:$998,COLUMN(U$1),FALSE),"") -> 足 | Z76: =IFERROR(ROUNDUP(VLOOKUP($C76,武器!$1:$998,COLUMN(O$1),FALSE)*VLOOKUP($D76,素材!$1:$1016,COLUMN(E$1),FALSE),1),"") -> 2.3 | AA76: =IF(ISNUMBER(SEARCH(SUBSTITUTE(AA$1,RIGHT(AA$1,2),""),VLOOKUP($D76,素材!$1:$1016,COLUMN($F$1),FALSE))),VLOOKUP($C76,武器!$1:$998,COLUMN($O$1),FALSE)*VLOOKUP($D76,素材!$1:$1016,COLUMN($E$1),FALSE)/(LEN(VLOOKUP($D76,素材!$1:$1016,COLUMN($F$1),FALSE)) - LEN(SUBSTITUTE(VLOOKUP($D76,素材!$1:$1016,COLUMN($F$1),FALSE), "・", 0)) + 1), 0) -> 0 | AB76: =IF(ISNUMBER(SEARCH(SUBSTITUTE(AB$1,RIGHT(AB$1,2),""),VLOOKUP($D76,素材!$1:$1016,COLUMN($F$1),FALSE))),VLOOKUP($C76,武器!$1:$998,COLUMN($O$1),FALSE)*VLOOKUP($D76,素材!$1:$1016,COLUMN($E$1),FALSE)/(LEN(VLOOKUP($D76,素材!$1:$1016,COLUMN($F$1),FALSE)) - LEN(SUBSTITUTE(VLOOKUP($D76,素材!$1:$1016,COLUMN($F$1),FALSE), "・", 0)) + 1), 0) -> 0 | AC76: =IF(ISNUMBER(SEARCH(SUBSTITUTE(AC$1,RIGHT(AC$1,2),""),VLOOKUP($D76,素材!$1:$1016,COLUMN($F$1),FALSE))),VLOOKUP($C76,武器!$1:$998,COLUMN($O$1),FALSE)*VLOOKUP($D76,素材!$1:$1016,COLUMN($E$1),FALSE)/(LEN(VLOOKUP($D76,素材!$1:$1016,COLUMN($F$1),FALSE)) - LEN(SUBSTITUTE(VLOOKUP($D76,素材!$1:$1016,COLUMN($F$1),FALSE), "・", 0)) + 1), 0) -> 0 | AD76: =IF(ISNUMBER(SEARCH(SUBSTITUTE(AD$1,RIGHT(AD$1,2),""),VLOOKUP($D76,素材!$1:$1016,COLUMN($F$1),FALSE))),VLOOKUP($C76,武器!$1:$998,COLUMN($O$1),FALSE)*VLOOKUP($D76,素材!$1:$1016,COLUMN($E$1),FALSE)/(LEN(VLOOKUP($D76,素材!$1:$1016,COLUMN($F$1),FALSE)) - LEN(SUBSTITUTE(VLOOKUP($D76,素材!$1:$1016,COLUMN($F$1),FALSE), "・", 0)) + 1), 0) -> 0 | AE76: =IF(ISNUMBER(SEARCH(SUBSTITUTE(AE$1,RIGHT(AE$1,2),""),VLOOKUP($D76,素材!$1:$1016,COLUMN($F$1),FALSE))),VLOOKUP($C76,武器!$1:$998,COLUMN($O$1),FALSE)*VLOOKUP($D76,素材!$1:$1016,COLUMN($E$1),FALSE)/(LEN(VLOOKUP($D76,素材!$1:$1016,COLUMN($F$1),FALSE)) - LEN(SUBSTITUTE(VLOOKUP($D76,素材!$1:$1016,COLUMN($F$1),FALSE), "・", 0)) + 1), 0) -> 0 | AF76: =IF(ISNUMBER(SEARCH(SUBSTITUTE(AF$1,RIGHT(AF$1,2),""),VLOOKUP($D76,素材!$1:$1016,COLUMN($F$1),FALSE))),VLOOKUP($C76,武器!$1:$998,COLUMN($O$1),FALSE)*VLOOKUP($D76,素材!$1:$1016,COLUMN($E$1),FALSE)/(LEN(VLOOKUP($D76,素材!$1:$1016,COLUMN($F$1),FALSE)) - LEN(SUBSTITUTE(VLOOKUP($D76,素材!$1:$1016,COLUMN($F$1),FALSE), "・", 0)) + 1), 0) -> 0 | AG76: =IF(ISNUMBER(SEARCH(SUBSTITUTE(AG$1,RIGHT(AG$1,2),""),VLOOKUP($D76,素材!$1:$1016,COLUMN($F$1),FALSE))),VLOOKUP($C76,武器!$1:$998,COLUMN($O$1),FALSE)*VLOOKUP($D76,素材!$1:$1016,COLUMN($E$1),FALSE)/(LEN(VLOOKUP($D76,素材!$1:$1016,COLUMN($F$1),FALSE)) - LEN(SUBSTITUTE(VLOOKUP($D76,素材!$1:$1016,COLUMN($F$1),FALSE), "・", 0)) + 1), 0) -> 0 | AH76: =IF(ISNUMBER(SEARCH(SUBSTITUTE(AH$1,RIGHT(AH$1,2),""),VLOOKUP($D76,素材!$1:$1016,COLUMN($F$1),FALSE))),VLOOKUP($C76,武器!$1:$998,COLUMN($O$1),FALSE)*VLOOKUP($D76,素材!$1:$1016,COLUMN($E$1),FALSE)/(LEN(VLOOKUP($D76,素材!$1:$1016,COLUMN($F$1),FALSE)) - LEN(SUBSTITUTE(VLOOKUP($D76,素材!$1:$1016,COLUMN($F$1),FALSE), "・", 0)) + 1), 0) -> 0 | ... BE76: =IF(ISNUMBER(SEARCH(SUBSTITUTE(BE$1,RIGHT(BE$1,2),""),VLOOKUP($D76,素材!$1:$1016,COLUMN($F$1),FALSE))),VLOOKUP($C76,武器!$1:$998,COLUMN($O$1),FALSE)*VLOOKUP($D76,素材!$1:$1016,COLUMN($E$1),FALSE)/(LEN(VLOOKUP($D76,素材!$1:$1016,COLUMN($F$1),FALSE)) - LEN(SUBSTITUTE(VLOOKUP($D76,素材!$1:$1016,COLUMN($F$1),FALSE), "・", 0)) + 1), 0) -> 0 | CL76: =SUM(G76:I76) -> 15 | CM76: =IF(E76="武器",IF(J76-1>SUM(G76:I76),"盾",IF(MAX(G76:I76)=G76,"切断",IF(MAX(G76:I76)=H76,"貫通",IF(MAX(G76:I76)=I76,"打撃","射撃")))),E76)&".webp" -> 足.webp | CN76: =IFERROR(VLOOKUP($C76,武器!$1:$998,COLUMN(V$1),FALSE)*VLOOKUP($D76,素材!$1:$1016,COLUMN(N$1),FALSE)+IF(CI76="",0,VLOOKUP($CI76,装強!$1:$1008,COLUMN($CK$1),FALSE)),"") -> 100 | CO76: =VLOOKUP(D76,素材!$A:$O,COLUMN(素材!O$1),FALSE) -> 一般的な木材。金属より軽いが少し脆い | CP76: =VLOOKUP(C76,武器!$A:$W,COLUMN(武器!W$1),FALSE) -> 速度 隠密 軽業 体幹 | CR76: ="e_"&ROW(CR76) -> e_76 | CS76: =CN76*100 -> 10000
A77: =D77&"の"&C77 -> の | B77: =IFERROR(VLOOKUP($D77,素材!$1:$1016,COLUMN($B$1),FALSE)&"・"&VLOOKUP($C77,武器!$1:$998,COLUMN(B$1),FALSE),"") | E77: =IFERROR(VLOOKUP(C77,武器!$1:$998,COLUMN(C$1),FALSE),"") | F77: =IFERROR(ROUNDDOWN((VLOOKUP($C77,武器!$1:$998,COLUMN(D$1),FALSE)+IFERROR(VLOOKUP($CI77,装強!$1:$999,COLUMN(F$1),FALSE),0))*VLOOKUP($D77,素材!$1:$1016,COLUMN(D$1),FALSE),0),"") | G77: =IFERROR(ROUNDDOWN((VLOOKUP($C77,武器!$1:$998,COLUMN(E$1),FALSE)+IFERROR(VLOOKUP($CI77,装強!$1:$999,COLUMN(G$1),FALSE),0))*VLOOKUP($D77,素材!$1:$1016,COLUMN($E$1),FALSE),0),"") | H77: =IFERROR(ROUNDDOWN((VLOOKUP($C77,武器!$1:$998,COLUMN(F$1),FALSE)+IFERROR(VLOOKUP($CI77,装強!$1:$999,COLUMN(H$1),FALSE),0))*VLOOKUP($D77,素材!$1:$1016,COLUMN($E$1),FALSE),0),"") | I77: =IFERROR(ROUNDDOWN((VLOOKUP($C77,武器!$1:$998,COLUMN(G$1),FALSE)+IFERROR(VLOOKUP($CI77,装強!$1:$999,COLUMN(I$1),FALSE),0))*VLOOKUP($D77,素材!$1:$1016,COLUMN($E$1),FALSE),0),"") | J77: =IFERROR(ROUNDDOWN((VLOOKUP($C77,武器!$1:$998,COLUMN(H$1),FALSE)+IFERROR(VLOOKUP($CI77,装強!$1:$999,COLUMN(J$1),FALSE),0))*VLOOKUP($D77,素材!$1:$1016,COLUMN($E$1),FALSE),0),"") | K77: =IFERROR(ROUNDDOWN((VLOOKUP($C77,武器!$1:$998,COLUMN(I$1),FALSE)+IFERROR(VLOOKUP($CI77,装強!$1:$999,COLUMN(K$1),FALSE),0))*VLOOKUP($D77,素材!$1:$1016,COLUMN($E$1),FALSE),0),"") | L77: =IFERROR(VLOOKUP($D77,素材!$1:$1016,COLUMN($F$1),FALSE),"") | M77: =IFERROR(VLOOKUP($C77,武器!$1:$998,COLUMN(AA$1),FALSE)*VLOOKUP($D77,素材!$1:$1016,COLUMN($G$1),FALSE),"") | N77: =IFERROR(VLOOKUP($C77,武器!$1:$998,COLUMN(I$1),FALSE),"") | O77: =IFERROR((VLOOKUP($C77,武器!$1:$998,COLUMN(K$1),FALSE)+VLOOKUP($D77,素材!$1:$1016,COLUMN(H$1),FALSE))*100+IFERROR(VLOOKUP($CI77,装強!$1:$999,COLUMN(O$1),FALSE),0),"") | P77: =IFERROR((VLOOKUP($C77,武器!$1:$998,COLUMN(L$1),FALSE)+VLOOKUP($D77,素材!$1:$1016,COLUMN(I$1),FALSE))*100+IFERROR(VLOOKUP($CI77,装強!$1:$999,COLUMN(P$1),FALSE),0),"") | Q77: =IFERROR(ROUNDUP(VLOOKUP($C77,武器!$1:$998,COLUMN(M$1),FALSE)*(VLOOKUP($D77,素材!$1:$1002,COLUMN(D$1),FALSE)/100),1),"") | R77: =IFERROR(ROUNDUP(VLOOKUP($C77,武器!$1:$998,COLUMN(N$1),FALSE)*(VLOOKUP($D77,素材!$1:$1002,COLUMN(D$1),FALSE)/100),1),"") | S77: =IFERROR(VLOOKUP($C77,武器!$1:$998,COLUMN(P$1),FALSE),"") | T77: =IFERROR(VLOOKUP($C77,武器!$1:$998,COLUMN(Q$1),FALSE),"") | U77: =IFERROR(VLOOKUP($C77,武器!$1:$998,COLUMN(R$1),FALSE),"") | V77: =IFERROR(VLOOKUP($C77,武器!$1:$998,COLUMN(Q$1),FALSE),"") | W77: =IFERROR(VLOOKUP($C77,武器!$1:$998,COLUMN(T$1),FALSE),"") | Y77: =IFERROR(VLOOKUP($C77,武器!$1:$998,COLUMN(U$1),FALSE),"") | Z77: =IFERROR(ROUNDUP(VLOOKUP($C77,武器!$1:$998,COLUMN(O$1),FALSE)*VLOOKUP($D77,素材!$1:$1016,COLUMN(E$1),FALSE),1),"") | AA77: =IF(ISNUMBER(SEARCH(SUBSTITUTE(AA$1,RIGHT(AA$1,2),""),VLOOKUP($D77,素材!$1:$1016,COLUMN($F$1),FALSE))),VLOOKUP($C77,武器!$1:$998,COLUMN($O$1),FALSE)*VLOOKUP($D77,素材!$1:$1016,COLUMN($E$1),FALSE)/(LEN(VLOOKUP($D77,素材!$1:$1016,COLUMN($F$1),FALSE)) - LEN(SUBSTITUTE(VLOOKUP($D77,素材!$1:$1016,COLUMN($F$1),FALSE), "・", 0)) + 1), 0) -> 0 | AB77: =IF(ISNUMBER(SEARCH(SUBSTITUTE(AB$1,RIGHT(AB$1,2),""),VLOOKUP($D77,素材!$1:$1016,COLUMN($F$1),FALSE))),VLOOKUP($C77,武器!$1:$998,COLUMN($O$1),FALSE)*VLOOKUP($D77,素材!$1:$1016,COLUMN($E$1),FALSE)/(LEN(VLOOKUP($D77,素材!$1:$1016,COLUMN($F$1),FALSE)) - LEN(SUBSTITUTE(VLOOKUP($D77,素材!$1:$1016,COLUMN($F$1),FALSE), "・", 0)) + 1), 0) -> 0 | AC77: =IF(ISNUMBER(SEARCH(SUBSTITUTE(AC$1,RIGHT(AC$1,2),""),VLOOKUP($D77,素材!$1:$1016,COLUMN($F$1),FALSE))),VLOOKUP($C77,武器!$1:$998,COLUMN($O$1),FALSE)*VLOOKUP($D77,素材!$1:$1016,COLUMN($E$1),FALSE)/(LEN(VLOOKUP($D77,素材!$1:$1016,COLUMN($F$1),FALSE)) - LEN(SUBSTITUTE(VLOOKUP($D77,素材!$1:$1016,COLUMN($F$1),FALSE), "・", 0)) + 1), 0) -> 0 | AD77: =IF(ISNUMBER(SEARCH(SUBSTITUTE(AD$1,RIGHT(AD$1,2),""),VLOOKUP($D77,素材!$1:$1016,COLUMN($F$1),FALSE))),VLOOKUP($C77,武器!$1:$998,COLUMN($O$1),FALSE)*VLOOKUP($D77,素材!$1:$1016,COLUMN($E$1),FALSE)/(LEN(VLOOKUP($D77,素材!$1:$1016,COLUMN($F$1),FALSE)) - LEN(SUBSTITUTE(VLOOKUP($D77,素材!$1:$1016,COLUMN($F$1),FALSE), "・", 0)) + 1), 0) -> 0 | AE77: =IF(ISNUMBER(SEARCH(SUBSTITUTE(AE$1,RIGHT(AE$1,2),""),VLOOKUP($D77,素材!$1:$1016,COLUMN($F$1),FALSE))),VLOOKUP($C77,武器!$1:$998,COLUMN($O$1),FALSE)*VLOOKUP($D77,素材!$1:$1016,COLUMN($E$1),FALSE)/(LEN(VLOOKUP($D77,素材!$1:$1016,COLUMN($F$1),FALSE)) - LEN(SUBSTITUTE(VLOOKUP($D77,素材!$1:$1016,COLUMN($F$1),FALSE), "・", 0)) + 1), 0) -> 0 | AF77: =IF(ISNUMBER(SEARCH(SUBSTITUTE(AF$1,RIGHT(AF$1,2),""),VLOOKUP($D77,素材!$1:$1016,COLUMN($F$1),FALSE))),VLOOKUP($C77,武器!$1:$998,COLUMN($O$1),FALSE)*VLOOKUP($D77,素材!$1:$1016,COLUMN($E$1),FALSE)/(LEN(VLOOKUP($D77,素材!$1:$1016,COLUMN($F$1),FALSE)) - LEN(SUBSTITUTE(VLOOKUP($D77,素材!$1:$1016,COLUMN($F$1),FALSE), "・", 0)) + 1), 0) -> 0 | AG77: =IF(ISNUMBER(SEARCH(SUBSTITUTE(AG$1,RIGHT(AG$1,2),""),VLOOKUP($D77,素材!$1:$1016,COLUMN($F$1),FALSE))),VLOOKUP($C77,武器!$1:$998,COLUMN($O$1),FALSE)*VLOOKUP($D77,素材!$1:$1016,COLUMN($E$1),FALSE)/(LEN(VLOOKUP($D77,素材!$1:$1016,COLUMN($F$1),FALSE)) - LEN(SUBSTITUTE(VLOOKUP($D77,素材!$1:$1016,COLUMN($F$1),FALSE), "・", 0)) + 1), 0) -> 0 | AH77: =IF(ISNUMBER(SEARCH(SUBSTITUTE(AH$1,RIGHT(AH$1,2),""),VLOOKUP($D77,素材!$1:$1016,COLUMN($F$1),FALSE))),VLOOKUP($C77,武器!$1:$998,COLUMN($O$1),FALSE)*VLOOKUP($D77,素材!$1:$1016,COLUMN($E$1),FALSE)/(LEN(VLOOKUP($D77,素材!$1:$1016,COLUMN($F$1),FALSE)) - LEN(SUBSTITUTE(VLOOKUP($D77,素材!$1:$1016,COLUMN($F$1),FALSE), "・", 0)) + 1), 0) -> 0 | ... BE77: =IF(ISNUMBER(SEARCH(SUBSTITUTE(BE$1,RIGHT(BE$1,2),""),VLOOKUP($D77,素材!$1:$1016,COLUMN($F$1),FALSE))),VLOOKUP($C77,武器!$1:$998,COLUMN($O$1),FALSE)*VLOOKUP($D77,素材!$1:$1016,COLUMN($E$1),FALSE)/(LEN(VLOOKUP($D77,素材!$1:$1016,COLUMN($F$1),FALSE)) - LEN(SUBSTITUTE(VLOOKUP($D77,素材!$1:$1016,COLUMN($F$1),FALSE), "・", 0)) + 1), 0) -> 0 | CL77: =SUM(G77:I77) -> 0 | CM77: =IF(E77="武器",IF(J77-1>SUM(G77:I77),"盾",IF(MAX(G77:I77)=G77,"切断",IF(MAX(G77:I77)=H77,"貫通",IF(MAX(G77:I77)=I77,"打撃","射撃")))),E77)&".webp" -> .webp | CN77: =IFERROR(VLOOKUP($C77,武器!$1:$998,COLUMN(V$1),FALSE)*VLOOKUP($D77,素材!$1:$1016,COLUMN(N$1),FALSE)+IF(CI77="",0,VLOOKUP($CI77,装強!$1:$1008,COLUMN($CK$1),FALSE)),"") | CO77: =VLOOKUP(D77,素材!$A:$O,COLUMN(素材!O$1),FALSE) -> #N/A | CP77: =VLOOKUP(C77,武器!$A:$W,COLUMN(武器!W$1),FALSE) -> #N/A | CR77: ="e_"&ROW(CR77) -> e_77 | CS77: =CN77*100 -> #VALUE!
A78: =D78&"の"&C78 -> 鋼の短刀 | B78: =IFERROR(VLOOKUP($D78,素材!$1:$1016,COLUMN($B$1),FALSE)&"・"&VLOOKUP($C78,武器!$1:$998,COLUMN(B$1),FALSE),"") -> スチール・ナイフ | C78: 短刀 | D78: 鋼 | E78: =IFERROR(VLOOKUP(C78,武器!$1:$998,COLUMN(C$1),FALSE),"") -> 武器 | F78: =IFERROR(ROUNDDOWN((VLOOKUP($C78,武器!$1:$998,COLUMN(D$1),FALSE)+IFERROR(VLOOKUP($CI78,装強!$1:$999,COLUMN(F$1),FALSE),0))*VLOOKUP($D78,素材!$1:$1016,COLUMN(D$1),FALSE),0),"") -> 105 | G78: =IFERROR(ROUNDDOWN((VLOOKUP($C78,武器!$1:$998,COLUMN(E$1),FALSE)+IFERROR(VLOOKUP($CI78,装強!$1:$999,COLUMN(G$1),FALSE),0))*VLOOKUP($D78,素材!$1:$1016,COLUMN($E$1),FALSE),0),"") -> 13 | H78: =IFERROR(ROUNDDOWN((VLOOKUP($C78,武器!$1:$998,COLUMN(F$1),FALSE)+IFERROR(VLOOKUP($CI78,装強!$1:$999,COLUMN(H$1),FALSE),0))*VLOOKUP($D78,素材!$1:$1016,COLUMN($E$1),FALSE),0),"") -> 10 | I78: =IFERROR(ROUNDDOWN((VLOOKUP($C78,武器!$1:$998,COLUMN(G$1),FALSE)+IFERROR(VLOOKUP($CI78,装強!$1:$999,COLUMN(I$1),FALSE),0))*VLOOKUP($D78,素材!$1:$1016,COLUMN($E$1),FALSE),0),"") -> 2 | J78: =IFERROR(ROUNDDOWN((VLOOKUP($C78,武器!$1:$998,COLUMN(H$1),FALSE)+IFERROR(VLOOKUP($CI78,装強!$1:$999,COLUMN(J$1),FALSE),0))*VLOOKUP($D78,素材!$1:$1016,COLUMN($E$1),FALSE),0),"") -> 17 | K78: =IFERROR(ROUNDDOWN((VLOOKUP($C78,武器!$1:$998,COLUMN(I$1),FALSE)+IFERROR(VLOOKUP($CI78,装強!$1:$999,COLUMN(K$1),FALSE),0))*VLOOKUP($D78,素材!$1:$1016,COLUMN($E$1),FALSE),0),"") -> 0 | L78: =IFERROR(VLOOKUP($D78,素材!$1:$1016,COLUMN($F$1),FALSE),"") -> 0 | M78: =IFERROR(VLOOKUP($C78,武器!$1:$998,COLUMN(AA$1),FALSE)*VLOOKUP($D78,素材!$1:$1016,COLUMN($G$1),FALSE),"") -> 0 | N78: =IFERROR(VLOOKUP($C78,武器!$1:$998,COLUMN(I$1),FALSE),"") -> 0 | O78: =IFERROR((VLOOKUP($C78,武器!$1:$998,COLUMN(K$1),FALSE)+VLOOKUP($D78,素材!$1:$1016,COLUMN(H$1),FALSE))*100+IFERROR(VLOOKUP($CI78,装強!$1:$999,COLUMN(O$1),FALSE),0),"") -> 10 | P78: =IFERROR((VLOOKUP($C78,武器!$1:$998,COLUMN(L$1),FALSE)+VLOOKUP($D78,素材!$1:$1016,COLUMN(I$1),FALSE))*100+IFERROR(VLOOKUP($CI78,装強!$1:$999,COLUMN(P$1),FALSE),0),"") -> 175 | Q78: =IFERROR(ROUNDUP(VLOOKUP($C78,武器!$1:$998,COLUMN(M$1),FALSE)*(VLOOKUP($D78,素材!$1:$1002,COLUMN(D$1),FALSE)/100),1),"") -> 0 | R78: =IFERROR(ROUNDUP(VLOOKUP($C78,武器!$1:$998,COLUMN(N$1),FALSE)*(VLOOKUP($D78,素材!$1:$1002,COLUMN(D$1),FALSE)/100),1),"") -> 0 | S78: =IFERROR(VLOOKUP($C78,武器!$1:$998,COLUMN(P$1),FALSE),"") -> 0 | T78: =IFERROR(VLOOKUP($C78,武器!$1:$998,COLUMN(Q$1),FALSE),"") -> 0 | U78: =IFERROR(VLOOKUP($C78,武器!$1:$998,COLUMN(R$1),FALSE),"") -> 0 | V78: =IFERROR(VLOOKUP($C78,武器!$1:$998,COLUMN(Q$1),FALSE),"") -> 0 | W78: =IFERROR(VLOOKUP($C78,武器!$1:$998,COLUMN(T$1),FALSE),"") -> A | Y78: =IFERROR(VLOOKUP($C78,武器!$1:$998,COLUMN(U$1),FALSE),"") -> 暗殺強化,片手適正Ⅱ | Z78: =IFERROR(ROUNDUP(VLOOKUP($C78,武器!$1:$998,COLUMN(O$1),FALSE)*VLOOKUP($D78,素材!$1:$1016,COLUMN(E$1),FALSE),1),"") -> 0 | AA78: =IF(ISNUMBER(SEARCH(SUBSTITUTE(AA$1,RIGHT(AA$1,2),""),VLOOKUP($D78,素材!$1:$1016,COLUMN($F$1),FALSE))),VLOOKUP($C78,武器!$1:$998,COLUMN($O$1),FALSE)*VLOOKUP($D78,素材!$1:$1016,COLUMN($E$1),FALSE)/(LEN(VLOOKUP($D78,素材!$1:$1016,COLUMN($F$1),FALSE)) - LEN(SUBSTITUTE(VLOOKUP($D78,素材!$1:$1016,COLUMN($F$1),FALSE), "・", 0)) + 1), 0) -> 0 | AB78: =IF(ISNUMBER(SEARCH(SUBSTITUTE(AB$1,RIGHT(AB$1,2),""),VLOOKUP($D78,素材!$1:$1016,COLUMN($F$1),FALSE))),VLOOKUP($C78,武器!$1:$998,COLUMN($O$1),FALSE)*VLOOKUP($D78,素材!$1:$1016,COLUMN($E$1),FALSE)/(LEN(VLOOKUP($D78,素材!$1:$1016,COLUMN($F$1),FALSE)) - LEN(SUBSTITUTE(VLOOKUP($D78,素材!$1:$1016,COLUMN($F$1),FALSE), "・", 0)) + 1), 0) -> 0 | AC78: =IF(ISNUMBER(SEARCH(SUBSTITUTE(AC$1,RIGHT(AC$1,2),""),VLOOKUP($D78,素材!$1:$1016,COLUMN($F$1),FALSE))),VLOOKUP($C78,武器!$1:$998,COLUMN($O$1),FALSE)*VLOOKUP($D78,素材!$1:$1016,COLUMN($E$1),FALSE)/(LEN(VLOOKUP($D78,素材!$1:$1016,COLUMN($F$1),FALSE)) - LEN(SUBSTITUTE(VLOOKUP($D78,素材!$1:$1016,COLUMN($F$1),FALSE), "・", 0)) + 1), 0) -> 0 | AD78: =IF(ISNUMBER(SEARCH(SUBSTITUTE(AD$1,RIGHT(AD$1,2),""),VLOOKUP($D78,素材!$1:$1016,COLUMN($F$1),FALSE))),VLOOKUP($C78,武器!$1:$998,COLUMN($O$1),FALSE)*VLOOKUP($D78,素材!$1:$1016,COLUMN($E$1),FALSE)/(LEN(VLOOKUP($D78,素材!$1:$1016,COLUMN($F$1),FALSE)) - LEN(SUBSTITUTE(VLOOKUP($D78,素材!$1:$1016,COLUMN($F$1),FALSE), "・", 0)) + 1), 0) -> 0 | AE78: =IF(ISNUMBER(SEARCH(SUBSTITUTE(AE$1,RIGHT(AE$1,2),""),VLOOKUP($D78,素材!$1:$1016,COLUMN($F$1),FALSE))),VLOOKUP($C78,武器!$1:$998,COLUMN($O$1),FALSE)*VLOOKUP($D78,素材!$1:$1016,COLUMN($E$1),FALSE)/(LEN(VLOOKUP($D78,素材!$1:$1016,COLUMN($F$1),FALSE)) - LEN(SUBSTITUTE(VLOOKUP($D78,素材!$1:$1016,COLUMN($F$1),FALSE), "・", 0)) + 1), 0) -> 0 | AF78: =IF(ISNUMBER(SEARCH(SUBSTITUTE(AF$1,RIGHT(AF$1,2),""),VLOOKUP($D78,素材!$1:$1016,COLUMN($F$1),FALSE))),VLOOKUP($C78,武器!$1:$998,COLUMN($O$1),FALSE)*VLOOKUP($D78,素材!$1:$1016,COLUMN($E$1),FALSE)/(LEN(VLOOKUP($D78,素材!$1:$1016,COLUMN($F$1),FALSE)) - LEN(SUBSTITUTE(VLOOKUP($D78,素材!$1:$1016,COLUMN($F$1),FALSE), "・", 0)) + 1), 0) -> 0 | AG78: =IF(ISNUMBER(SEARCH(SUBSTITUTE(AG$1,RIGHT(AG$1,2),""),VLOOKUP($D78,素材!$1:$1016,COLUMN($F$1),FALSE))),VLOOKUP($C78,武器!$1:$998,COLUMN($O$1),FALSE)*VLOOKUP($D78,素材!$1:$1016,COLUMN($E$1),FALSE)/(LEN(VLOOKUP($D78,素材!$1:$1016,COLUMN($F$1),FALSE)) - LEN(SUBSTITUTE(VLOOKUP($D78,素材!$1:$1016,COLUMN($F$1),FALSE), "・", 0)) + 1), 0) -> 0 | AH78: =IF(ISNUMBER(SEARCH(SUBSTITUTE(AH$1,RIGHT(AH$1,2),""),VLOOKUP($D78,素材!$1:$1016,COLUMN($F$1),FALSE))),VLOOKUP($C78,武器!$1:$998,COLUMN($O$1),FALSE)*VLOOKUP($D78,素材!$1:$1016,COLUMN($E$1),FALSE)/(LEN(VLOOKUP($D78,素材!$1:$1016,COLUMN($F$1),FALSE)) - LEN(SUBSTITUTE(VLOOKUP($D78,素材!$1:$1016,COLUMN($F$1),FALSE), "・", 0)) + 1), 0) -> 0 | ... BE78: =IF(ISNUMBER(SEARCH(SUBSTITUTE(BE$1,RIGHT(BE$1,2),""),VLOOKUP($D78,素材!$1:$1016,COLUMN($F$1),FALSE))),VLOOKUP($C78,武器!$1:$998,COLUMN($O$1),FALSE)*VLOOKUP($D78,素材!$1:$1016,COLUMN($E$1),FALSE)/(LEN(VLOOKUP($D78,素材!$1:$1016,COLUMN($F$1),FALSE)) - LEN(SUBSTITUTE(VLOOKUP($D78,素材!$1:$1016,COLUMN($F$1),FALSE), "・", 0)) + 1), 0) -> 0 | CL78: =SUM(G78:I78) -> 25 | CM78: =IF(E78="武器",IF(J78-1>SUM(G78:I78),"盾",IF(MAX(G78:I78)=G78,"切断",IF(MAX(G78:I78)=H78,"貫通",IF(MAX(G78:I78)=I78,"打撃","射撃")))),E78)&".webp" -> 切断.webp | CN78: =IFERROR(VLOOKUP($C78,武器!$1:$998,COLUMN(V$1),FALSE)*VLOOKUP($D78,素材!$1:$1016,COLUMN(N$1),FALSE)+IF(CI78="",0,VLOOKUP($CI78,装強!$1:$1008,COLUMN($CK$1),FALSE)),"") -> 450 | CO78: =VLOOKUP(D78,素材!$A:$O,COLUMN(素材!O$1),FALSE) -> 鍛えられた鉄。硬度が高く安価なためよく使用される。 | CP78: =VLOOKUP(C78,武器!$A:$W,COLUMN(武器!W$1),FALSE) -> 短刀。暗殺向けの武器で、軽量かつ片手操作に適する。Cr威力が高い | CR78: ="e_"&ROW(CR78) -> e_78 | CS78: =CN78*100 -> 45000
A79: =D79&"の"&C79 -> 鋼の刀 | B79: =IFERROR(VLOOKUP($D79,素材!$1:$1016,COLUMN($B$1),FALSE)&"・"&VLOOKUP($C79,武器!$1:$998,COLUMN(B$1),FALSE),"") -> スチール・カタナ | C79: 刀 | D79: 鋼 | E79: =IFERROR(VLOOKUP(C79,武器!$1:$998,COLUMN(C$1),FALSE),"") -> 武器 | F79: =IFERROR(ROUNDDOWN((VLOOKUP($C79,武器!$1:$998,COLUMN(D$1),FALSE)+IFERROR(VLOOKUP($CI79,装強!$1:$999,COLUMN(F$1),FALSE),0))*VLOOKUP($D79,素材!$1:$1016,COLUMN(D$1),FALSE),0),"") -> 110 | G79: =IFERROR(ROUNDDOWN((VLOOKUP($C79,武器!$1:$998,COLUMN(E$1),FALSE)+IFERROR(VLOOKUP($CI79,装強!$1:$999,COLUMN(G$1),FALSE),0))*VLOOKUP($D79,素材!$1:$1016,COLUMN($E$1),FALSE),0),"") -> 18 | H79: =IFERROR(ROUNDDOWN((VLOOKUP($C79,武器!$1:$998,COLUMN(F$1),FALSE)+IFERROR(VLOOKUP($CI79,装強!$1:$999,COLUMN(H$1),FALSE),0))*VLOOKUP($D79,素材!$1:$1016,COLUMN($E$1),FALSE),0),"") -> 10 | I79: =IFERROR(ROUNDDOWN((VLOOKUP($C79,武器!$1:$998,COLUMN(G$1),FALSE)+IFERROR(VLOOKUP($CI79,装強!$1:$999,COLUMN(I$1),FALSE),0))*VLOOKUP($D79,素材!$1:$1016,COLUMN($E$1),FALSE),0),"") -> 2 | J79: =IFERROR(ROUNDDOWN((VLOOKUP($C79,武器!$1:$998,COLUMN(H$1),FALSE)+IFERROR(VLOOKUP($CI79,装強!$1:$999,COLUMN(J$1),FALSE),0))*VLOOKUP($D79,素材!$1:$1016,COLUMN($E$1),FALSE),0),"") -> 22 | K79: =IFERROR(ROUNDDOWN((VLOOKUP($C79,武器!$1:$998,COLUMN(I$1),FALSE)+IFERROR(VLOOKUP($CI79,装強!$1:$999,COLUMN(K$1),FALSE),0))*VLOOKUP($D79,素材!$1:$1016,COLUMN($E$1),FALSE),0),"") -> 0 | L79: =IFERROR(VLOOKUP($D79,素材!$1:$1016,COLUMN($F$1),FALSE),"") -> 0 | M79: =IFERROR(VLOOKUP($C79,武器!$1:$998,COLUMN(AA$1),FALSE)*VLOOKUP($D79,素材!$1:$1016,COLUMN($G$1),FALSE),"") -> 0 | N79: =IFERROR(VLOOKUP($C79,武器!$1:$998,COLUMN(I$1),FALSE),"") -> 0 | O79: =IFERROR((VLOOKUP($C79,武器!$1:$998,COLUMN(K$1),FALSE)+VLOOKUP($D79,素材!$1:$1016,COLUMN(H$1),FALSE))*100+IFERROR(VLOOKUP($CI79,装強!$1:$999,COLUMN(O$1),FALSE),0),"") -> 10 | P79: =IFERROR((VLOOKUP($C79,武器!$1:$998,COLUMN(L$1),FALSE)+VLOOKUP($D79,素材!$1:$1016,COLUMN(I$1),FALSE))*100+IFERROR(VLOOKUP($CI79,装強!$1:$999,COLUMN(P$1),FALSE),0),"") -> 175 | Q79: =IFERROR(ROUNDUP(VLOOKUP($C79,武器!$1:$998,COLUMN(M$1),FALSE)*(VLOOKUP($D79,素材!$1:$1002,COLUMN(D$1),FALSE)/100),1),"") -> 0 | R79: =IFERROR(ROUNDUP(VLOOKUP($C79,武器!$1:$998,COLUMN(N$1),FALSE)*(VLOOKUP($D79,素材!$1:$1002,COLUMN(D$1),FALSE)/100),1),"") -> 0 | S79: =IFERROR(VLOOKUP($C79,武器!$1:$998,COLUMN(P$1),FALSE),"") -> 0 | T79: =IFERROR(VLOOKUP($C79,武器!$1:$998,COLUMN(Q$1),FALSE),"") -> 0 | U79: =IFERROR(VLOOKUP($C79,武器!$1:$998,COLUMN(R$1),FALSE),"") -> 0 | V79: =IFERROR(VLOOKUP($C79,武器!$1:$998,COLUMN(Q$1),FALSE),"") -> 0 | W79: =IFERROR(VLOOKUP($C79,武器!$1:$998,COLUMN(T$1),FALSE),"") -> A | Y79: =IFERROR(VLOOKUP($C79,武器!$1:$998,COLUMN(U$1),FALSE),"") -> 0 | Z79: =IFERROR(ROUNDUP(VLOOKUP($C79,武器!$1:$998,COLUMN(O$1),FALSE)*VLOOKUP($D79,素材!$1:$1016,COLUMN(E$1),FALSE),1),"") -> 0 | AA79: =IF(ISNUMBER(SEARCH(SUBSTITUTE(AA$1,RIGHT(AA$1,2),""),VLOOKUP($D79,素材!$1:$1016,COLUMN($F$1),FALSE))),VLOOKUP($C79,武器!$1:$998,COLUMN($O$1),FALSE)*VLOOKUP($D79,素材!$1:$1016,COLUMN($E$1),FALSE)/(LEN(VLOOKUP($D79,素材!$1:$1016,COLUMN($F$1),FALSE)) - LEN(SUBSTITUTE(VLOOKUP($D79,素材!$1:$1016,COLUMN($F$1),FALSE), "・", 0)) + 1), 0) -> 0 | AB79: =IF(ISNUMBER(SEARCH(SUBSTITUTE(AB$1,RIGHT(AB$1,2),""),VLOOKUP($D79,素材!$1:$1016,COLUMN($F$1),FALSE))),VLOOKUP($C79,武器!$1:$998,COLUMN($O$1),FALSE)*VLOOKUP($D79,素材!$1:$1016,COLUMN($E$1),FALSE)/(LEN(VLOOKUP($D79,素材!$1:$1016,COLUMN($F$1),FALSE)) - LEN(SUBSTITUTE(VLOOKUP($D79,素材!$1:$1016,COLUMN($F$1),FALSE), "・", 0)) + 1), 0) -> 0 | AC79: =IF(ISNUMBER(SEARCH(SUBSTITUTE(AC$1,RIGHT(AC$1,2),""),VLOOKUP($D79,素材!$1:$1016,COLUMN($F$1),FALSE))),VLOOKUP($C79,武器!$1:$998,COLUMN($O$1),FALSE)*VLOOKUP($D79,素材!$1:$1016,COLUMN($E$1),FALSE)/(LEN(VLOOKUP($D79,素材!$1:$1016,COLUMN($F$1),FALSE)) - LEN(SUBSTITUTE(VLOOKUP($D79,素材!$1:$1016,COLUMN($F$1),FALSE), "・", 0)) + 1), 0) -> 0 | AD79: =IF(ISNUMBER(SEARCH(SUBSTITUTE(AD$1,RIGHT(AD$1,2),""),VLOOKUP($D79,素材!$1:$1016,COLUMN($F$1),FALSE))),VLOOKUP($C79,武器!$1:$998,COLUMN($O$1),FALSE)*VLOOKUP($D79,素材!$1:$1016,COLUMN($E$1),FALSE)/(LEN(VLOOKUP($D79,素材!$1:$1016,COLUMN($F$1),FALSE)) - LEN(SUBSTITUTE(VLOOKUP($D79,素材!$1:$1016,COLUMN($F$1),FALSE), "・", 0)) + 1), 0) -> 0 | AE79: =IF(ISNUMBER(SEARCH(SUBSTITUTE(AE$1,RIGHT(AE$1,2),""),VLOOKUP($D79,素材!$1:$1016,COLUMN($F$1),FALSE))),VLOOKUP($C79,武器!$1:$998,COLUMN($O$1),FALSE)*VLOOKUP($D79,素材!$1:$1016,COLUMN($E$1),FALSE)/(LEN(VLOOKUP($D79,素材!$1:$1016,COLUMN($F$1),FALSE)) - LEN(SUBSTITUTE(VLOOKUP($D79,素材!$1:$1016,COLUMN($F$1),FALSE), "・", 0)) + 1), 0) -> 0 | AF79: =IF(ISNUMBER(SEARCH(SUBSTITUTE(AF$1,RIGHT(AF$1,2),""),VLOOKUP($D79,素材!$1:$1016,COLUMN($F$1),FALSE))),VLOOKUP($C79,武器!$1:$998,COLUMN($O$1),FALSE)*VLOOKUP($D79,素材!$1:$1016,COLUMN($E$1),FALSE)/(LEN(VLOOKUP($D79,素材!$1:$1016,COLUMN($F$1),FALSE)) - LEN(SUBSTITUTE(VLOOKUP($D79,素材!$1:$1016,COLUMN($F$1),FALSE), "・", 0)) + 1), 0) -> 0 | AG79: =IF(ISNUMBER(SEARCH(SUBSTITUTE(AG$1,RIGHT(AG$1,2),""),VLOOKUP($D79,素材!$1:$1016,COLUMN($F$1),FALSE))),VLOOKUP($C79,武器!$1:$998,COLUMN($O$1),FALSE)*VLOOKUP($D79,素材!$1:$1016,COLUMN($E$1),FALSE)/(LEN(VLOOKUP($D79,素材!$1:$1016,COLUMN($F$1),FALSE)) - LEN(SUBSTITUTE(VLOOKUP($D79,素材!$1:$1016,COLUMN($F$1),FALSE), "・", 0)) + 1), 0) -> 0 | AH79: =IF(ISNUMBER(SEARCH(SUBSTITUTE(AH$1,RIGHT(AH$1,2),""),VLOOKUP($D79,素材!$1:$1016,COLUMN($F$1),FALSE))),VLOOKUP($C79,武器!$1:$998,COLUMN($O$1),FALSE)*VLOOKUP($D79,素材!$1:$1016,COLUMN($E$1),FALSE)/(LEN(VLOOKUP($D79,素材!$1:$1016,COLUMN($F$1),FALSE)) - LEN(SUBSTITUTE(VLOOKUP($D79,素材!$1:$1016,COLUMN($F$1),FALSE), "・", 0)) + 1), 0) -> 0 | ... BE79: =IF(ISNUMBER(SEARCH(SUBSTITUTE(BE$1,RIGHT(BE$1,2),""),VLOOKUP($D79,素材!$1:$1016,COLUMN($F$1),FALSE))),VLOOKUP($C79,武器!$1:$998,COLUMN($O$1),FALSE)*VLOOKUP($D79,素材!$1:$1016,COLUMN($E$1),FALSE)/(LEN(VLOOKUP($D79,素材!$1:$1016,COLUMN($F$1),FALSE)) - LEN(SUBSTITUTE(VLOOKUP($D79,素材!$1:$1016,COLUMN($F$1),FALSE), "・", 0)) + 1), 0) -> 0 | CL79: =SUM(G79:I79) -> 30 | CM79: =IF(E79="武器",IF(J79-1>SUM(G79:I79),"盾",IF(MAX(G79:I79)=G79,"切断",IF(MAX(G79:I79)=H79,"貫通",IF(MAX(G79:I79)=I79,"打撃","射撃")))),E79)&".webp" -> 切断.webp | CN79: =IFERROR(VLOOKUP($C79,武器!$1:$998,COLUMN(V$1),FALSE)*VLOOKUP($D79,素材!$1:$1016,COLUMN(N$1),FALSE)+IF(CI79="",0,VLOOKUP($CI79,装強!$1:$1008,COLUMN($CK$1),FALSE)),"") -> 900 | CO79: =VLOOKUP(D79,素材!$A:$O,COLUMN(素材!O$1),FALSE) -> 鍛えられた鉄。硬度が高く安価なためよく使用される。 | CP79: =VLOOKUP(C79,武器!$A:$W,COLUMN(武器!W$1),FALSE) -> 刀。切断力に優れた武器で、Cr威力が高い | CR79: ="e_"&ROW(CR79) -> e_79 | CS79: =CN79*100 -> 90000
A80: =D80&"の"&C80 -> 鋼の剣 | B80: =IFERROR(VLOOKUP($D80,素材!$1:$1016,COLUMN($B$1),FALSE)&"・"&VLOOKUP($C80,武器!$1:$998,COLUMN(B$1),FALSE),"") -> スチール・ソード | C80: 剣 | D80: 鋼 | E80: =IFERROR(VLOOKUP(C80,武器!$1:$998,COLUMN(C$1),FALSE),"") -> 武器 | F80: =IFERROR(ROUNDDOWN((VLOOKUP($C80,武器!$1:$998,COLUMN(D$1),FALSE)+IFERROR(VLOOKUP($CI80,装強!$1:$999,COLUMN(F$1),FALSE),0))*VLOOKUP($D80,素材!$1:$1016,COLUMN(D$1),FALSE),0),"") -> 105 | G80: =IFERROR(ROUNDDOWN((VLOOKUP($C80,武器!$1:$998,COLUMN(E$1),FALSE)+IFERROR(VLOOKUP($CI80,装強!$1:$999,COLUMN(G$1),FALSE),0))*VLOOKUP($D80,素材!$1:$1016,COLUMN($E$1),FALSE),0),"") -> 16 | H80: =IFERROR(ROUNDDOWN((VLOOKUP($C80,武器!$1:$998,COLUMN(F$1),FALSE)+IFERROR(VLOOKUP($CI80,装強!$1:$999,COLUMN(H$1),FALSE),0))*VLOOKUP($D80,素材!$1:$1016,COLUMN($E$1),FALSE),0),"") -> 12 | I80: =IFERROR(ROUNDDOWN((VLOOKUP($C80,武器!$1:$998,COLUMN(G$1),FALSE)+IFERROR(VLOOKUP($CI80,装強!$1:$999,COLUMN(I$1),FALSE),0))*VLOOKUP($D80,素材!$1:$1016,COLUMN($E$1),FALSE),0),"") -> 4 | J80: =IFERROR(ROUNDDOWN((VLOOKUP($C80,武器!$1:$998,COLUMN(H$1),FALSE)+IFERROR(VLOOKUP($CI80,装強!$1:$999,COLUMN(J$1),FALSE),0))*VLOOKUP($D80,素材!$1:$1016,COLUMN($E$1),FALSE),0),"") -> 25 | K80: =IFERROR(ROUNDDOWN((VLOOKUP($C80,武器!$1:$998,COLUMN(I$1),FALSE)+IFERROR(VLOOKUP($CI80,装強!$1:$999,COLUMN(K$1),FALSE),0))*VLOOKUP($D80,素材!$1:$1016,COLUMN($E$1),FALSE),0),"") -> 0 | L80: =IFERROR(VLOOKUP($D80,素材!$1:$1016,COLUMN($F$1),FALSE),"") -> 0 | M80: =IFERROR(VLOOKUP($C80,武器!$1:$998,COLUMN(AA$1),FALSE)*VLOOKUP($D80,素材!$1:$1016,COLUMN($G$1),FALSE),"") -> 0 | N80: =IFERROR(VLOOKUP($C80,武器!$1:$998,COLUMN(I$1),FALSE),"") -> 0 | O80: =IFERROR((VLOOKUP($C80,武器!$1:$998,COLUMN(K$1),FALSE)+VLOOKUP($D80,素材!$1:$1016,COLUMN(H$1),FALSE))*100+IFERROR(VLOOKUP($CI80,装強!$1:$999,COLUMN(O$1),FALSE),0),"") -> 10 | P80: =IFERROR((VLOOKUP($C80,武器!$1:$998,COLUMN(L$1),FALSE)+VLOOKUP($D80,素材!$1:$1016,COLUMN(I$1),FALSE))*100+IFERROR(VLOOKUP($CI80,装強!$1:$999,COLUMN(P$1),FALSE),0),"") -> 150 | Q80: =IFERROR(ROUNDUP(VLOOKUP($C80,武器!$1:$998,COLUMN(M$1),FALSE)*(VLOOKUP($D80,素材!$1:$1002,COLUMN(D$1),FALSE)/100),1),"") -> 0 | R80: =IFERROR(ROUNDUP(VLOOKUP($C80,武器!$1:$998,COLUMN(N$1),FALSE)*(VLOOKUP($D80,素材!$1:$1002,COLUMN(D$1),FALSE)/100),1),"") -> 0 | S80: =IFERROR(VLOOKUP($C80,武器!$1:$998,COLUMN(P$1),FALSE),"") -> 0 | T80: =IFERROR(VLOOKUP($C80,武器!$1:$998,COLUMN(Q$1),FALSE),"") -> 0 | U80: =IFERROR(VLOOKUP($C80,武器!$1:$998,COLUMN(R$1),FALSE),"") -> 0 | V80: =IFERROR(VLOOKUP($C80,武器!$1:$998,COLUMN(Q$1),FALSE),"") -> 0 | W80: =IFERROR(VLOOKUP($C80,武器!$1:$998,COLUMN(T$1),FALSE),"") -> A | Y80: =IFERROR(VLOOKUP($C80,武器!$1:$998,COLUMN(U$1),FALSE),"") -> 片手適正Ⅰ | Z80: =IFERROR(ROUNDUP(VLOOKUP($C80,武器!$1:$998,COLUMN(O$1),FALSE)*VLOOKUP($D80,素材!$1:$1016,COLUMN(E$1),FALSE),1),"") -> 0 | AA80: =IF(ISNUMBER(SEARCH(SUBSTITUTE(AA$1,RIGHT(AA$1,2),""),VLOOKUP($D80,素材!$1:$1016,COLUMN($F$1),FALSE))),VLOOKUP($C80,武器!$1:$998,COLUMN($O$1),FALSE)*VLOOKUP($D80,素材!$1:$1016,COLUMN($E$1),FALSE)/(LEN(VLOOKUP($D80,素材!$1:$1016,COLUMN($F$1),FALSE)) - LEN(SUBSTITUTE(VLOOKUP($D80,素材!$1:$1016,COLUMN($F$1),FALSE), "・", 0)) + 1), 0) -> 0 | AB80: =IF(ISNUMBER(SEARCH(SUBSTITUTE(AB$1,RIGHT(AB$1,2),""),VLOOKUP($D80,素材!$1:$1016,COLUMN($F$1),FALSE))),VLOOKUP($C80,武器!$1:$998,COLUMN($O$1),FALSE)*VLOOKUP($D80,素材!$1:$1016,COLUMN($E$1),FALSE)/(LEN(VLOOKUP($D80,素材!$1:$1016,COLUMN($F$1),FALSE)) - LEN(SUBSTITUTE(VLOOKUP($D80,素材!$1:$1016,COLUMN($F$1),FALSE), "・", 0)) + 1), 0) -> 0 | AC80: =IF(ISNUMBER(SEARCH(SUBSTITUTE(AC$1,RIGHT(AC$1,2),""),VLOOKUP($D80,素材!$1:$1016,COLUMN($F$1),FALSE))),VLOOKUP($C80,武器!$1:$998,COLUMN($O$1),FALSE)*VLOOKUP($D80,素材!$1:$1016,COLUMN($E$1),FALSE)/(LEN(VLOOKUP($D80,素材!$1:$1016,COLUMN($F$1),FALSE)) - LEN(SUBSTITUTE(VLOOKUP($D80,素材!$1:$1016,COLUMN($F$1),FALSE), "・", 0)) + 1), 0) -> 0 | AD80: =IF(ISNUMBER(SEARCH(SUBSTITUTE(AD$1,RIGHT(AD$1,2),""),VLOOKUP($D80,素材!$1:$1016,COLUMN($F$1),FALSE))),VLOOKUP($C80,武器!$1:$998,COLUMN($O$1),FALSE)*VLOOKUP($D80,素材!$1:$1016,COLUMN($E$1),FALSE)/(LEN(VLOOKUP($D80,素材!$1:$1016,COLUMN($F$1),FALSE)) - LEN(SUBSTITUTE(VLOOKUP($D80,素材!$1:$1016,COLUMN($F$1),FALSE), "・", 0)) + 1), 0) -> 0 | AE80: =IF(ISNUMBER(SEARCH(SUBSTITUTE(AE$1,RIGHT(AE$1,2),""),VLOOKUP($D80,素材!$1:$1016,COLUMN($F$1),FALSE))),VLOOKUP($C80,武器!$1:$998,COLUMN($O$1),FALSE)*VLOOKUP($D80,素材!$1:$1016,COLUMN($E$1),FALSE)/(LEN(VLOOKUP($D80,素材!$1:$1016,COLUMN($F$1),FALSE)) - LEN(SUBSTITUTE(VLOOKUP($D80,素材!$1:$1016,COLUMN($F$1),FALSE), "・", 0)) + 1), 0) -> 0 | AF80: =IF(ISNUMBER(SEARCH(SUBSTITUTE(AF$1,RIGHT(AF$1,2),""),VLOOKUP($D80,素材!$1:$1016,COLUMN($F$1),FALSE))),VLOOKUP($C80,武器!$1:$998,COLUMN($O$1),FALSE)*VLOOKUP($D80,素材!$1:$1016,COLUMN($E$1),FALSE)/(LEN(VLOOKUP($D80,素材!$1:$1016,COLUMN($F$1),FALSE)) - LEN(SUBSTITUTE(VLOOKUP($D80,素材!$1:$1016,COLUMN($F$1),FALSE), "・", 0)) + 1), 0) -> 0 | AG80: =IF(ISNUMBER(SEARCH(SUBSTITUTE(AG$1,RIGHT(AG$1,2),""),VLOOKUP($D80,素材!$1:$1016,COLUMN($F$1),FALSE))),VLOOKUP($C80,武器!$1:$998,COLUMN($O$1),FALSE)*VLOOKUP($D80,素材!$1:$1016,COLUMN($E$1),FALSE)/(LEN(VLOOKUP($D80,素材!$1:$1016,COLUMN($F$1),FALSE)) - LEN(SUBSTITUTE(VLOOKUP($D80,素材!$1:$1016,COLUMN($F$1),FALSE), "・", 0)) + 1), 0) -> 0 | AH80: =IF(ISNUMBER(SEARCH(SUBSTITUTE(AH$1,RIGHT(AH$1,2),""),VLOOKUP($D80,素材!$1:$1016,COLUMN($F$1),FALSE))),VLOOKUP($C80,武器!$1:$998,COLUMN($O$1),FALSE)*VLOOKUP($D80,素材!$1:$1016,COLUMN($E$1),FALSE)/(LEN(VLOOKUP($D80,素材!$1:$1016,COLUMN($F$1),FALSE)) - LEN(SUBSTITUTE(VLOOKUP($D80,素材!$1:$1016,COLUMN($F$1),FALSE), "・", 0)) + 1), 0) -> 0 | ... BE80: =IF(ISNUMBER(SEARCH(SUBSTITUTE(BE$1,RIGHT(BE$1,2),""),VLOOKUP($D80,素材!$1:$1016,COLUMN($F$1),FALSE))),VLOOKUP($C80,武器!$1:$998,COLUMN($O$1),FALSE)*VLOOKUP($D80,素材!$1:$1016,COLUMN($E$1),FALSE)/(LEN(VLOOKUP($D80,素材!$1:$1016,COLUMN($F$1),FALSE)) - LEN(SUBSTITUTE(VLOOKUP($D80,素材!$1:$1016,COLUMN($F$1),FALSE), "・", 0)) + 1), 0) -> 0 | CL80: =SUM(G80:I80) -> 32 | CM80: =IF(E80="武器",IF(J80-1>SUM(G80:I80),"盾",IF(MAX(G80:I80)=G80,"切断",IF(MAX(G80:I80)=H80,"貫通",IF(MAX(G80:I80)=I80,"打撃","射撃")))),E80)&".webp" -> 切断.webp | CN80: =IFERROR(VLOOKUP($C80,武器!$1:$998,COLUMN(V$1),FALSE)*VLOOKUP($D80,素材!$1:$1016,COLUMN(N$1),FALSE)+IF(CI80="",0,VLOOKUP($CI80,装強!$1:$1008,COLUMN($CK$1),FALSE)),"") -> 675 | CO80: =VLOOKUP(D80,素材!$A:$O,COLUMN(素材!O$1),FALSE) -> 鍛えられた鉄。硬度が高く安価なためよく使用される。 | CP80: =VLOOKUP(C80,武器!$A:$W,COLUMN(武器!W$1),FALSE) -> 剣。短い剣で片手で扱いやすく、初心者向けの武器。 | CR80: ="e_"&ROW(CR80) -> e_80 | CS80: =CN80*100 -> 67500
A81: =D81&"の"&C81 -> 鋼の広剣 | B81: =IFERROR(VLOOKUP($D81,素材!$1:$1016,COLUMN($B$1),FALSE)&"・"&VLOOKUP($C81,武器!$1:$998,COLUMN(B$1),FALSE),"") -> スチール・ブロードソード | C81: 広剣 | D81: 鋼 | E81: =IFERROR(VLOOKUP(C81,武器!$1:$998,COLUMN(C$1),FALSE),"") -> 武器 | F81: =IFERROR(ROUNDDOWN((VLOOKUP($C81,武器!$1:$998,COLUMN(D$1),FALSE)+IFERROR(VLOOKUP($CI81,装強!$1:$999,COLUMN(F$1),FALSE),0))*VLOOKUP($D81,素材!$1:$1016,COLUMN(D$1),FALSE),0),"") -> 115 | G81: =IFERROR(ROUNDDOWN((VLOOKUP($C81,武器!$1:$998,COLUMN(E$1),FALSE)+IFERROR(VLOOKUP($CI81,装強!$1:$999,COLUMN(G$1),FALSE),0))*VLOOKUP($D81,素材!$1:$1016,COLUMN($E$1),FALSE),0),"") -> 16 | H81: =IFERROR(ROUNDDOWN((VLOOKUP($C81,武器!$1:$998,COLUMN(F$1),FALSE)+IFERROR(VLOOKUP($CI81,装強!$1:$999,COLUMN(H$1),FALSE),0))*VLOOKUP($D81,素材!$1:$1016,COLUMN($E$1),FALSE),0),"") -> 10 | I81: =IFERROR(ROUNDDOWN((VLOOKUP($C81,武器!$1:$998,COLUMN(G$1),FALSE)+IFERROR(VLOOKUP($CI81,装強!$1:$999,COLUMN(I$1),FALSE),0))*VLOOKUP($D81,素材!$1:$1016,COLUMN($E$1),FALSE),0),"") -> 4 | J81: =IFERROR(ROUNDDOWN((VLOOKUP($C81,武器!$1:$998,COLUMN(H$1),FALSE)+IFERROR(VLOOKUP($CI81,装強!$1:$999,COLUMN(J$1),FALSE),0))*VLOOKUP($D81,素材!$1:$1016,COLUMN($E$1),FALSE),0),"") -> 31 | K81: =IFERROR(ROUNDDOWN((VLOOKUP($C81,武器!$1:$998,COLUMN(I$1),FALSE)+IFERROR(VLOOKUP($CI81,装強!$1:$999,COLUMN(K$1),FALSE),0))*VLOOKUP($D81,素材!$1:$1016,COLUMN($E$1),FALSE),0),"") -> 0 | L81: =IFERROR(VLOOKUP($D81,素材!$1:$1016,COLUMN($F$1),FALSE),"") -> 0 | M81: =IFERROR(VLOOKUP($C81,武器!$1:$998,COLUMN(AA$1),FALSE)*VLOOKUP($D81,素材!$1:$1016,COLUMN($G$1),FALSE),"") -> 0 | N81: =IFERROR(VLOOKUP($C81,武器!$1:$998,COLUMN(I$1),FALSE),"") -> 0 | O81: =IFERROR((VLOOKUP($C81,武器!$1:$998,COLUMN(K$1),FALSE)+VLOOKUP($D81,素材!$1:$1016,COLUMN(H$1),FALSE))*100+IFERROR(VLOOKUP($CI81,装強!$1:$999,COLUMN(O$1),FALSE),0),"") -> 10 | P81: =IFERROR((VLOOKUP($C81,武器!$1:$998,COLUMN(L$1),FALSE)+VLOOKUP($D81,素材!$1:$1016,COLUMN(I$1),FALSE))*100+IFERROR(VLOOKUP($CI81,装強!$1:$999,COLUMN(P$1),FALSE),0),"") -> 150 | Q81: =IFERROR(ROUNDUP(VLOOKUP($C81,武器!$1:$998,COLUMN(M$1),FALSE)*(VLOOKUP($D81,素材!$1:$1002,COLUMN(D$1),FALSE)/100),1),"") -> -2.7 | R81: =IFERROR(ROUNDUP(VLOOKUP($C81,武器!$1:$998,COLUMN(N$1),FALSE)*(VLOOKUP($D81,素材!$1:$1002,COLUMN(D$1),FALSE)/100),1),"") -> -2.7 | S81: =IFERROR(VLOOKUP($C81,武器!$1:$998,COLUMN(P$1),FALSE),"") -> 0 | T81: =IFERROR(VLOOKUP($C81,武器!$1:$998,COLUMN(Q$1),FALSE),"") -> 0 | U81: =IFERROR(VLOOKUP($C81,武器!$1:$998,COLUMN(R$1),FALSE),"") -> 0 | V81: =IFERROR(VLOOKUP($C81,武器!$1:$998,COLUMN(Q$1),FALSE),"") -> 0 | W81: =IFERROR(VLOOKUP($C81,武器!$1:$998,COLUMN(T$1),FALSE),"") -> A | Y81: =IFERROR(VLOOKUP($C81,武器!$1:$998,COLUMN(U$1),FALSE),"") -> 0 | Z81: =IFERROR(ROUNDUP(VLOOKUP($C81,武器!$1:$998,COLUMN(O$1),FALSE)*VLOOKUP($D81,素材!$1:$1016,COLUMN(E$1),FALSE),1),"") -> 0 | AA81: =IF(ISNUMBER(SEARCH(SUBSTITUTE(AA$1,RIGHT(AA$1,2),""),VLOOKUP($D81,素材!$1:$1016,COLUMN($F$1),FALSE))),VLOOKUP($C81,武器!$1:$998,COLUMN($O$1),FALSE)*VLOOKUP($D81,素材!$1:$1016,COLUMN($E$1),FALSE)/(LEN(VLOOKUP($D81,素材!$1:$1016,COLUMN($F$1),FALSE)) - LEN(SUBSTITUTE(VLOOKUP($D81,素材!$1:$1016,COLUMN($F$1),FALSE), "・", 0)) + 1), 0) -> 0 | AB81: =IF(ISNUMBER(SEARCH(SUBSTITUTE(AB$1,RIGHT(AB$1,2),""),VLOOKUP($D81,素材!$1:$1016,COLUMN($F$1),FALSE))),VLOOKUP($C81,武器!$1:$998,COLUMN($O$1),FALSE)*VLOOKUP($D81,素材!$1:$1016,COLUMN($E$1),FALSE)/(LEN(VLOOKUP($D81,素材!$1:$1016,COLUMN($F$1),FALSE)) - LEN(SUBSTITUTE(VLOOKUP($D81,素材!$1:$1016,COLUMN($F$1),FALSE), "・", 0)) + 1), 0) -> 0 | AC81: =IF(ISNUMBER(SEARCH(SUBSTITUTE(AC$1,RIGHT(AC$1,2),""),VLOOKUP($D81,素材!$1:$1016,COLUMN($F$1),FALSE))),VLOOKUP($C81,武器!$1:$998,COLUMN($O$1),FALSE)*VLOOKUP($D81,素材!$1:$1016,COLUMN($E$1),FALSE)/(LEN(VLOOKUP($D81,素材!$1:$1016,COLUMN($F$1),FALSE)) - LEN(SUBSTITUTE(VLOOKUP($D81,素材!$1:$1016,COLUMN($F$1),FALSE), "・", 0)) + 1), 0) -> 0 | AD81: =IF(ISNUMBER(SEARCH(SUBSTITUTE(AD$1,RIGHT(AD$1,2),""),VLOOKUP($D81,素材!$1:$1016,COLUMN($F$1),FALSE))),VLOOKUP($C81,武器!$1:$998,COLUMN($O$1),FALSE)*VLOOKUP($D81,素材!$1:$1016,COLUMN($E$1),FALSE)/(LEN(VLOOKUP($D81,素材!$1:$1016,COLUMN($F$1),FALSE)) - LEN(SUBSTITUTE(VLOOKUP($D81,素材!$1:$1016,COLUMN($F$1),FALSE), "・", 0)) + 1), 0) -> 0 | AE81: =IF(ISNUMBER(SEARCH(SUBSTITUTE(AE$1,RIGHT(AE$1,2),""),VLOOKUP($D81,素材!$1:$1016,COLUMN($F$1),FALSE))),VLOOKUP($C81,武器!$1:$998,COLUMN($O$1),FALSE)*VLOOKUP($D81,素材!$1:$1016,COLUMN($E$1),FALSE)/(LEN(VLOOKUP($D81,素材!$1:$1016,COLUMN($F$1),FALSE)) - LEN(SUBSTITUTE(VLOOKUP($D81,素材!$1:$1016,COLUMN($F$1),FALSE), "・", 0)) + 1), 0) -> 0 | AF81: =IF(ISNUMBER(SEARCH(SUBSTITUTE(AF$1,RIGHT(AF$1,2),""),VLOOKUP($D81,素材!$1:$1016,COLUMN($F$1),FALSE))),VLOOKUP($C81,武器!$1:$998,COLUMN($O$1),FALSE)*VLOOKUP($D81,素材!$1:$1016,COLUMN($E$1),FALSE)/(LEN(VLOOKUP($D81,素材!$1:$1016,COLUMN($F$1),FALSE)) - LEN(SUBSTITUTE(VLOOKUP($D81,素材!$1:$1016,COLUMN($F$1),FALSE), "・", 0)) + 1), 0) -> 0 | AG81: =IF(ISNUMBER(SEARCH(SUBSTITUTE(AG$1,RIGHT(AG$1,2),""),VLOOKUP($D81,素材!$1:$1016,COLUMN($F$1),FALSE))),VLOOKUP($C81,武器!$1:$998,COLUMN($O$1),FALSE)*VLOOKUP($D81,素材!$1:$1016,COLUMN($E$1),FALSE)/(LEN(VLOOKUP($D81,素材!$1:$1016,COLUMN($F$1),FALSE)) - LEN(SUBSTITUTE(VLOOKUP($D81,素材!$1:$1016,COLUMN($F$1),FALSE), "・", 0)) + 1), 0) -> 0 | AH81: =IF(ISNUMBER(SEARCH(SUBSTITUTE(AH$1,RIGHT(AH$1,2),""),VLOOKUP($D81,素材!$1:$1016,COLUMN($F$1),FALSE))),VLOOKUP($C81,武器!$1:$998,COLUMN($O$1),FALSE)*VLOOKUP($D81,素材!$1:$1016,COLUMN($E$1),FALSE)/(LEN(VLOOKUP($D81,素材!$1:$1016,COLUMN($F$1),FALSE)) - LEN(SUBSTITUTE(VLOOKUP($D81,素材!$1:$1016,COLUMN($F$1),FALSE), "・", 0)) + 1), 0) -> 0 | ... BE81: =IF(ISNUMBER(SEARCH(SUBSTITUTE(BE$1,RIGHT(BE$1,2),""),VLOOKUP($D81,素材!$1:$1016,COLUMN($F$1),FALSE))),VLOOKUP($C81,武器!$1:$998,COLUMN($O$1),FALSE)*VLOOKUP($D81,素材!$1:$1016,COLUMN($E$1),FALSE)/(LEN(VLOOKUP($D81,素材!$1:$1016,COLUMN($F$1),FALSE)) - LEN(SUBSTITUTE(VLOOKUP($D81,素材!$1:$1016,COLUMN($F$1),FALSE), "・", 0)) + 1), 0) -> 0 | CL81: =SUM(G81:I81) -> 30 | CM81: =IF(E81="武器",IF(J81-1>SUM(G81:I81),"盾",IF(MAX(G81:I81)=G81,"切断",IF(MAX(G81:I81)=H81,"貫通",IF(MAX(G81:I81)=I81,"打撃","射撃")))),E81)&".webp" -> 切断.webp | CN81: =IFERROR(VLOOKUP($C81,武器!$1:$998,COLUMN(V$1),FALSE)*VLOOKUP($D81,素材!$1:$1016,COLUMN(N$1),FALSE)+IF(CI81="",0,VLOOKUP($CI81,装強!$1:$1008,COLUMN($CK$1),FALSE)),"") -> 900 | CO81: =VLOOKUP(D81,素材!$A:$O,COLUMN(素材!O$1),FALSE) -> 鍛えられた鉄。硬度が高く安価なためよく使用される。 | CP81: =VLOOKUP(C81,武器!$A:$W,COLUMN(武器!W$1),FALSE) -> 幅の広い剣。扱いにくいが攻撃と防御にも優れている。状況に合わせて立ち回ろう。 | CR81: ="e_"&ROW(CR81) -> e_81 | CS81: =CN81*100 -> 90000
A82: =D82&"の"&C82 -> 鋼の長剣 | B82: =IFERROR(VLOOKUP($D82,素材!$1:$1016,COLUMN($B$1),FALSE)&"・"&VLOOKUP($C82,武器!$1:$998,COLUMN(B$1),FALSE),"") -> スチール・ロングソード | C82: 長剣 | D82: 鋼 | E82: =IFERROR(VLOOKUP(C82,武器!$1:$998,COLUMN(C$1),FALSE),"") -> 武器 | F82: =IFERROR(ROUNDDOWN((VLOOKUP($C82,武器!$1:$998,COLUMN(D$1),FALSE)+IFERROR(VLOOKUP($CI82,装強!$1:$999,COLUMN(F$1),FALSE),0))*VLOOKUP($D82,素材!$1:$1016,COLUMN(D$1),FALSE),0),"") -> 120 | G82: =IFERROR(ROUNDDOWN((VLOOKUP($C82,武器!$1:$998,COLUMN(E$1),FALSE)+IFERROR(VLOOKUP($CI82,装強!$1:$999,COLUMN(G$1),FALSE),0))*VLOOKUP($D82,素材!$1:$1016,COLUMN($E$1),FALSE),0),"") -> 20 | H82: =IFERROR(ROUNDDOWN((VLOOKUP($C82,武器!$1:$998,COLUMN(F$1),FALSE)+IFERROR(VLOOKUP($CI82,装強!$1:$999,COLUMN(H$1),FALSE),0))*VLOOKUP($D82,素材!$1:$1016,COLUMN($E$1),FALSE),0),"") -> 12 | I82: =IFERROR(ROUNDDOWN((VLOOKUP($C82,武器!$1:$998,COLUMN(G$1),FALSE)+IFERROR(VLOOKUP($CI82,装強!$1:$999,COLUMN(I$1),FALSE),0))*VLOOKUP($D82,素材!$1:$1016,COLUMN($E$1),FALSE),0),"") -> 4 | J82: =IFERROR(ROUNDDOWN((VLOOKUP($C82,武器!$1:$998,COLUMN(H$1),FALSE)+IFERROR(VLOOKUP($CI82,装強!$1:$999,COLUMN(J$1),FALSE),0))*VLOOKUP($D82,素材!$1:$1016,COLUMN($E$1),FALSE),0),"") -> 27 | K82: =IFERROR(ROUNDDOWN((VLOOKUP($C82,武器!$1:$998,COLUMN(I$1),FALSE)+IFERROR(VLOOKUP($CI82,装強!$1:$999,COLUMN(K$1),FALSE),0))*VLOOKUP($D82,素材!$1:$1016,COLUMN($E$1),FALSE),0),"") -> 0 | L82: =IFERROR(VLOOKUP($D82,素材!$1:$1016,COLUMN($F$1),FALSE),"") -> 0 | M82: =IFERROR(VLOOKUP($C82,武器!$1:$998,COLUMN(AA$1),FALSE)*VLOOKUP($D82,素材!$1:$1016,COLUMN($G$1),FALSE),"") -> 0 | N82: =IFERROR(VLOOKUP($C82,武器!$1:$998,COLUMN(I$1),FALSE),"") -> 0 | O82: =IFERROR((VLOOKUP($C82,武器!$1:$998,COLUMN(K$1),FALSE)+VLOOKUP($D82,素材!$1:$1016,COLUMN(H$1),FALSE))*100+IFERROR(VLOOKUP($CI82,装強!$1:$999,COLUMN(O$1),FALSE),0),"") -> 10 | P82: =IFERROR((VLOOKUP($C82,武器!$1:$998,COLUMN(L$1),FALSE)+VLOOKUP($D82,素材!$1:$1016,COLUMN(I$1),FALSE))*100+IFERROR(VLOOKUP($CI82,装強!$1:$999,COLUMN(P$1),FALSE),0),"") -> 150 | Q82: =IFERROR(ROUNDUP(VLOOKUP($C82,武器!$1:$998,COLUMN(M$1),FALSE)*(VLOOKUP($D82,素材!$1:$1002,COLUMN(D$1),FALSE)/100),1),"") -> -2.7 | R82: =IFERROR(ROUNDUP(VLOOKUP($C82,武器!$1:$998,COLUMN(N$1),FALSE)*(VLOOKUP($D82,素材!$1:$1002,COLUMN(D$1),FALSE)/100),1),"") -> -2.7 | S82: =IFERROR(VLOOKUP($C82,武器!$1:$998,COLUMN(P$1),FALSE),"") -> 0 | T82: =IFERROR(VLOOKUP($C82,武器!$1:$998,COLUMN(Q$1),FALSE),"") -> 0 | U82: =IFERROR(VLOOKUP($C82,武器!$1:$998,COLUMN(R$1),FALSE),"") -> 0 | V82: =IFERROR(VLOOKUP($C82,武器!$1:$998,COLUMN(Q$1),FALSE),"") -> 0 | W82: =IFERROR(VLOOKUP($C82,武器!$1:$998,COLUMN(T$1),FALSE),"") -> A | Y82: =IFERROR(VLOOKUP($C82,武器!$1:$998,COLUMN(U$1),FALSE),"") -> 0 | Z82: =IFERROR(ROUNDUP(VLOOKUP($C82,武器!$1:$998,COLUMN(O$1),FALSE)*VLOOKUP($D82,素材!$1:$1016,COLUMN(E$1),FALSE),1),"") -> 0 | AA82: =IF(ISNUMBER(SEARCH(SUBSTITUTE(AA$1,RIGHT(AA$1,2),""),VLOOKUP($D82,素材!$1:$1016,COLUMN($F$1),FALSE))),VLOOKUP($C82,武器!$1:$998,COLUMN($O$1),FALSE)*VLOOKUP($D82,素材!$1:$1016,COLUMN($E$1),FALSE)/(LEN(VLOOKUP($D82,素材!$1:$1016,COLUMN($F$1),FALSE)) - LEN(SUBSTITUTE(VLOOKUP($D82,素材!$1:$1016,COLUMN($F$1),FALSE), "・", 0)) + 1), 0) -> 0 | AB82: =IF(ISNUMBER(SEARCH(SUBSTITUTE(AB$1,RIGHT(AB$1,2),""),VLOOKUP($D82,素材!$1:$1016,COLUMN($F$1),FALSE))),VLOOKUP($C82,武器!$1:$998,COLUMN($O$1),FALSE)*VLOOKUP($D82,素材!$1:$1016,COLUMN($E$1),FALSE)/(LEN(VLOOKUP($D82,素材!$1:$1016,COLUMN($F$1),FALSE)) - LEN(SUBSTITUTE(VLOOKUP($D82,素材!$1:$1016,COLUMN($F$1),FALSE), "・", 0)) + 1), 0) -> 0 | AC82: =IF(ISNUMBER(SEARCH(SUBSTITUTE(AC$1,RIGHT(AC$1,2),""),VLOOKUP($D82,素材!$1:$1016,COLUMN($F$1),FALSE))),VLOOKUP($C82,武器!$1:$998,COLUMN($O$1),FALSE)*VLOOKUP($D82,素材!$1:$1016,COLUMN($E$1),FALSE)/(LEN(VLOOKUP($D82,素材!$1:$1016,COLUMN($F$1),FALSE)) - LEN(SUBSTITUTE(VLOOKUP($D82,素材!$1:$1016,COLUMN($F$1),FALSE), "・", 0)) + 1), 0) -> 0 | AD82: =IF(ISNUMBER(SEARCH(SUBSTITUTE(AD$1,RIGHT(AD$1,2),""),VLOOKUP($D82,素材!$1:$1016,COLUMN($F$1),FALSE))),VLOOKUP($C82,武器!$1:$998,COLUMN($O$1),FALSE)*VLOOKUP($D82,素材!$1:$1016,COLUMN($E$1),FALSE)/(LEN(VLOOKUP($D82,素材!$1:$1016,COLUMN($F$1),FALSE)) - LEN(SUBSTITUTE(VLOOKUP($D82,素材!$1:$1016,COLUMN($F$1),FALSE), "・", 0)) + 1), 0) -> 0 | AE82: =IF(ISNUMBER(SEARCH(SUBSTITUTE(AE$1,RIGHT(AE$1,2),""),VLOOKUP($D82,素材!$1:$1016,COLUMN($F$1),FALSE))),VLOOKUP($C82,武器!$1:$998,COLUMN($O$1),FALSE)*VLOOKUP($D82,素材!$1:$1016,COLUMN($E$1),FALSE)/(LEN(VLOOKUP($D82,素材!$1:$1016,COLUMN($F$1),FALSE)) - LEN(SUBSTITUTE(VLOOKUP($D82,素材!$1:$1016,COLUMN($F$1),FALSE), "・", 0)) + 1), 0) -> 0 | AF82: =IF(ISNUMBER(SEARCH(SUBSTITUTE(AF$1,RIGHT(AF$1,2),""),VLOOKUP($D82,素材!$1:$1016,COLUMN($F$1),FALSE))),VLOOKUP($C82,武器!$1:$998,COLUMN($O$1),FALSE)*VLOOKUP($D82,素材!$1:$1016,COLUMN($E$1),FALSE)/(LEN(VLOOKUP($D82,素材!$1:$1016,COLUMN($F$1),FALSE)) - LEN(SUBSTITUTE(VLOOKUP($D82,素材!$1:$1016,COLUMN($F$1),FALSE), "・", 0)) + 1), 0) -> 0 | AG82: =IF(ISNUMBER(SEARCH(SUBSTITUTE(AG$1,RIGHT(AG$1,2),""),VLOOKUP($D82,素材!$1:$1016,COLUMN($F$1),FALSE))),VLOOKUP($C82,武器!$1:$998,COLUMN($O$1),FALSE)*VLOOKUP($D82,素材!$1:$1016,COLUMN($E$1),FALSE)/(LEN(VLOOKUP($D82,素材!$1:$1016,COLUMN($F$1),FALSE)) - LEN(SUBSTITUTE(VLOOKUP($D82,素材!$1:$1016,COLUMN($F$1),FALSE), "・", 0)) + 1), 0) -> 0 | AH82: =IF(ISNUMBER(SEARCH(SUBSTITUTE(AH$1,RIGHT(AH$1,2),""),VLOOKUP($D82,素材!$1:$1016,COLUMN($F$1),FALSE))),VLOOKUP($C82,武器!$1:$998,COLUMN($O$1),FALSE)*VLOOKUP($D82,素材!$1:$1016,COLUMN($E$1),FALSE)/(LEN(VLOOKUP($D82,素材!$1:$1016,COLUMN($F$1),FALSE)) - LEN(SUBSTITUTE(VLOOKUP($D82,素材!$1:$1016,COLUMN($F$1),FALSE), "・", 0)) + 1), 0) -> 0 | ... BE82: =IF(ISNUMBER(SEARCH(SUBSTITUTE(BE$1,RIGHT(BE$1,2),""),VLOOKUP($D82,素材!$1:$1016,COLUMN($F$1),FALSE))),VLOOKUP($C82,武器!$1:$998,COLUMN($O$1),FALSE)*VLOOKUP($D82,素材!$1:$1016,COLUMN($E$1),FALSE)/(LEN(VLOOKUP($D82,素材!$1:$1016,COLUMN($F$1),FALSE)) - LEN(SUBSTITUTE(VLOOKUP($D82,素材!$1:$1016,COLUMN($F$1),FALSE), "・", 0)) + 1), 0) -> 0 | CL82: =SUM(G82:I82) -> 36 | CM82: =IF(E82="武器",IF(J82-1>SUM(G82:I82),"盾",IF(MAX(G82:I82)=G82,"切断",IF(MAX(G82:I82)=H82,"貫通",IF(MAX(G82:I82)=I82,"打撃","射撃")))),E82)&".webp" -> 切断.webp | CN82: =IFERROR(VLOOKUP($C82,武器!$1:$998,COLUMN(V$1),FALSE)*VLOOKUP($D82,素材!$1:$1016,COLUMN(N$1),FALSE)+IF(CI82="",0,VLOOKUP($CI82,装強!$1:$1008,COLUMN($CK$1),FALSE)),"") -> 900 | CO82: =VLOOKUP(D82,素材!$A:$O,COLUMN(素材!O$1),FALSE) -> 鍛えられた鉄。硬度が高く安価なためよく使用される。 | CP82: =VLOOKUP(C82,武器!$A:$W,COLUMN(武器!W$1),FALSE) -> 長剣。長く重い分扱いにくいが威力が高い。 | CR82: ="e_"&ROW(CR82) -> e_82 | CS82: =CN82*100 -> 90000
A83: =D83&"の"&C83 -> 鋼の大剣 | B83: =IFERROR(VLOOKUP($D83,素材!$1:$1016,COLUMN($B$1),FALSE)&"・"&VLOOKUP($C83,武器!$1:$998,COLUMN(B$1),FALSE),"") -> スチール・バスターソード | C83: 大剣 | D83: 鋼 | E83: =IFERROR(VLOOKUP(C83,武器!$1:$998,COLUMN(C$1),FALSE),"") -> 武器 | F83: =IFERROR(ROUNDDOWN((VLOOKUP($C83,武器!$1:$998,COLUMN(D$1),FALSE)+IFERROR(VLOOKUP($CI83,装強!$1:$999,COLUMN(F$1),FALSE),0))*VLOOKUP($D83,素材!$1:$1016,COLUMN(D$1),FALSE),0),"") -> 131 | G83: =IFERROR(ROUNDDOWN((VLOOKUP($C83,武器!$1:$998,COLUMN(E$1),FALSE)+IFERROR(VLOOKUP($CI83,装強!$1:$999,COLUMN(G$1),FALSE),0))*VLOOKUP($D83,素材!$1:$1016,COLUMN($E$1),FALSE),0),"") -> 24 | H83: =IFERROR(ROUNDDOWN((VLOOKUP($C83,武器!$1:$998,COLUMN(F$1),FALSE)+IFERROR(VLOOKUP($CI83,装強!$1:$999,COLUMN(H$1),FALSE),0))*VLOOKUP($D83,素材!$1:$1016,COLUMN($E$1),FALSE),0),"") -> 12 | I83: =IFERROR(ROUNDDOWN((VLOOKUP($C83,武器!$1:$998,COLUMN(G$1),FALSE)+IFERROR(VLOOKUP($CI83,装強!$1:$999,COLUMN(I$1),FALSE),0))*VLOOKUP($D83,素材!$1:$1016,COLUMN($E$1),FALSE),0),"") -> 5 | J83: =IFERROR(ROUNDDOWN((VLOOKUP($C83,武器!$1:$998,COLUMN(H$1),FALSE)+IFERROR(VLOOKUP($CI83,装強!$1:$999,COLUMN(J$1),FALSE),0))*VLOOKUP($D83,素材!$1:$1016,COLUMN($E$1),FALSE),0),"") -> 29 | K83: =IFERROR(ROUNDDOWN((VLOOKUP($C83,武器!$1:$998,COLUMN(I$1),FALSE)+IFERROR(VLOOKUP($CI83,装強!$1:$999,COLUMN(K$1),FALSE),0))*VLOOKUP($D83,素材!$1:$1016,COLUMN($E$1),FALSE),0),"") -> 0 | L83: =IFERROR(VLOOKUP($D83,素材!$1:$1016,COLUMN($F$1),FALSE),"") -> 0 | M83: =IFERROR(VLOOKUP($C83,武器!$1:$998,COLUMN(AA$1),FALSE)*VLOOKUP($D83,素材!$1:$1016,COLUMN($G$1),FALSE),"") -> 0 | N83: =IFERROR(VLOOKUP($C83,武器!$1:$998,COLUMN(I$1),FALSE),"") -> 0 | O83: =IFERROR((VLOOKUP($C83,武器!$1:$998,COLUMN(K$1),FALSE)+VLOOKUP($D83,素材!$1:$1016,COLUMN(H$1),FALSE))*100+IFERROR(VLOOKUP($CI83,装強!$1:$999,COLUMN(O$1),FALSE),0),"") -> 10 | P83: =IFERROR((VLOOKUP($C83,武器!$1:$998,COLUMN(L$1),FALSE)+VLOOKUP($D83,素材!$1:$1016,COLUMN(I$1),FALSE))*100+IFERROR(VLOOKUP($CI83,装強!$1:$999,COLUMN(P$1),FALSE),0),"") -> 150 | Q83: =IFERROR(ROUNDUP(VLOOKUP($C83,武器!$1:$998,COLUMN(M$1),FALSE)*(VLOOKUP($D83,素材!$1:$1002,COLUMN(D$1),FALSE)/100),1),"") -> -7.9 | R83: =IFERROR(ROUNDUP(VLOOKUP($C83,武器!$1:$998,COLUMN(N$1),FALSE)*(VLOOKUP($D83,素材!$1:$1002,COLUMN(D$1),FALSE)/100),1),"") -> -7.9 | S83: =IFERROR(VLOOKUP($C83,武器!$1:$998,COLUMN(P$1),FALSE),"") -> 0 | T83: =IFERROR(VLOOKUP($C83,武器!$1:$998,COLUMN(Q$1),FALSE),"") -> 0 | U83: =IFERROR(VLOOKUP($C83,武器!$1:$998,COLUMN(R$1),FALSE),"") -> 0 | V83: =IFERROR(VLOOKUP($C83,武器!$1:$998,COLUMN(Q$1),FALSE),"") -> 0 | W83: =IFERROR(VLOOKUP($C83,武器!$1:$998,COLUMN(T$1),FALSE),"") -> A | Y83: =IFERROR(VLOOKUP($C83,武器!$1:$998,COLUMN(U$1),FALSE),"") -> 0 | Z83: =IFERROR(ROUNDUP(VLOOKUP($C83,武器!$1:$998,COLUMN(O$1),FALSE)*VLOOKUP($D83,素材!$1:$1016,COLUMN(E$1),FALSE),1),"") -> 0 | AA83: =IF(ISNUMBER(SEARCH(SUBSTITUTE(AA$1,RIGHT(AA$1,2),""),VLOOKUP($D83,素材!$1:$1016,COLUMN($F$1),FALSE))),VLOOKUP($C83,武器!$1:$998,COLUMN($O$1),FALSE)*VLOOKUP($D83,素材!$1:$1016,COLUMN($E$1),FALSE)/(LEN(VLOOKUP($D83,素材!$1:$1016,COLUMN($F$1),FALSE)) - LEN(SUBSTITUTE(VLOOKUP($D83,素材!$1:$1016,COLUMN($F$1),FALSE), "・", 0)) + 1), 0) -> 0 | AB83: =IF(ISNUMBER(SEARCH(SUBSTITUTE(AB$1,RIGHT(AB$1,2),""),VLOOKUP($D83,素材!$1:$1016,COLUMN($F$1),FALSE))),VLOOKUP($C83,武器!$1:$998,COLUMN($O$1),FALSE)*VLOOKUP($D83,素材!$1:$1016,COLUMN($E$1),FALSE)/(LEN(VLOOKUP($D83,素材!$1:$1016,COLUMN($F$1),FALSE)) - LEN(SUBSTITUTE(VLOOKUP($D83,素材!$1:$1016,COLUMN($F$1),FALSE), "・", 0)) + 1), 0) -> 0 | AC83: =IF(ISNUMBER(SEARCH(SUBSTITUTE(AC$1,RIGHT(AC$1,2),""),VLOOKUP($D83,素材!$1:$1016,COLUMN($F$1),FALSE))),VLOOKUP($C83,武器!$1:$998,COLUMN($O$1),FALSE)*VLOOKUP($D83,素材!$1:$1016,COLUMN($E$1),FALSE)/(LEN(VLOOKUP($D83,素材!$1:$1016,COLUMN($F$1),FALSE)) - LEN(SUBSTITUTE(VLOOKUP($D83,素材!$1:$1016,COLUMN($F$1),FALSE), "・", 0)) + 1), 0) -> 0 | AD83: =IF(ISNUMBER(SEARCH(SUBSTITUTE(AD$1,RIGHT(AD$1,2),""),VLOOKUP($D83,素材!$1:$1016,COLUMN($F$1),FALSE))),VLOOKUP($C83,武器!$1:$998,COLUMN($O$1),FALSE)*VLOOKUP($D83,素材!$1:$1016,COLUMN($E$1),FALSE)/(LEN(VLOOKUP($D83,素材!$1:$1016,COLUMN($F$1),FALSE)) - LEN(SUBSTITUTE(VLOOKUP($D83,素材!$1:$1016,COLUMN($F$1),FALSE), "・", 0)) + 1), 0) -> 0 | AE83: =IF(ISNUMBER(SEARCH(SUBSTITUTE(AE$1,RIGHT(AE$1,2),""),VLOOKUP($D83,素材!$1:$1016,COLUMN($F$1),FALSE))),VLOOKUP($C83,武器!$1:$998,COLUMN($O$1),FALSE)*VLOOKUP($D83,素材!$1:$1016,COLUMN($E$1),FALSE)/(LEN(VLOOKUP($D83,素材!$1:$1016,COLUMN($F$1),FALSE)) - LEN(SUBSTITUTE(VLOOKUP($D83,素材!$1:$1016,COLUMN($F$1),FALSE), "・", 0)) + 1), 0) -> 0 | AF83: =IF(ISNUMBER(SEARCH(SUBSTITUTE(AF$1,RIGHT(AF$1,2),""),VLOOKUP($D83,素材!$1:$1016,COLUMN($F$1),FALSE))),VLOOKUP($C83,武器!$1:$998,COLUMN($O$1),FALSE)*VLOOKUP($D83,素材!$1:$1016,COLUMN($E$1),FALSE)/(LEN(VLOOKUP($D83,素材!$1:$1016,COLUMN($F$1),FALSE)) - LEN(SUBSTITUTE(VLOOKUP($D83,素材!$1:$1016,COLUMN($F$1),FALSE), "・", 0)) + 1), 0) -> 0 | AG83: =IF(ISNUMBER(SEARCH(SUBSTITUTE(AG$1,RIGHT(AG$1,2),""),VLOOKUP($D83,素材!$1:$1016,COLUMN($F$1),FALSE))),VLOOKUP($C83,武器!$1:$998,COLUMN($O$1),FALSE)*VLOOKUP($D83,素材!$1:$1016,COLUMN($E$1),FALSE)/(LEN(VLOOKUP($D83,素材!$1:$1016,COLUMN($F$1),FALSE)) - LEN(SUBSTITUTE(VLOOKUP($D83,素材!$1:$1016,COLUMN($F$1),FALSE), "・", 0)) + 1), 0) -> 0 | AH83: =IF(ISNUMBER(SEARCH(SUBSTITUTE(AH$1,RIGHT(AH$1,2),""),VLOOKUP($D83,素材!$1:$1016,COLUMN($F$1),FALSE))),VLOOKUP($C83,武器!$1:$998,COLUMN($O$1),FALSE)*VLOOKUP($D83,素材!$1:$1016,COLUMN($E$1),FALSE)/(LEN(VLOOKUP($D83,素材!$1:$1016,COLUMN($F$1),FALSE)) - LEN(SUBSTITUTE(VLOOKUP($D83,素材!$1:$1016,COLUMN($F$1),FALSE), "・", 0)) + 1), 0) -> 0 | ... BE83: =IF(ISNUMBER(SEARCH(SUBSTITUTE(BE$1,RIGHT(BE$1,2),""),VLOOKUP($D83,素材!$1:$1016,COLUMN($F$1),FALSE))),VLOOKUP($C83,武器!$1:$998,COLUMN($O$1),FALSE)*VLOOKUP($D83,素材!$1:$1016,COLUMN($E$1),FALSE)/(LEN(VLOOKUP($D83,素材!$1:$1016,COLUMN($F$1),FALSE)) - LEN(SUBSTITUTE(VLOOKUP($D83,素材!$1:$1016,COLUMN($F$1),FALSE), "・", 0)) + 1), 0) -> 0 | CL83: =SUM(G83:I83) -> 41 | CM83: =IF(E83="武器",IF(J83-1>SUM(G83:I83),"盾",IF(MAX(G83:I83)=G83,"切断",IF(MAX(G83:I83)=H83,"貫通",IF(MAX(G83:I83)=I83,"打撃","射撃")))),E83)&".webp" -> 切断.webp | CN83: =IFERROR(VLOOKUP($C83,武器!$1:$998,COLUMN(V$1),FALSE)*VLOOKUP($D83,素材!$1:$1016,COLUMN(N$1),FALSE)+IF(CI83="",0,VLOOKUP($CI83,装強!$1:$1008,COLUMN($CK$1),FALSE)),"") -> 1350 | CO83: =VLOOKUP(D83,素材!$A:$O,COLUMN(素材!O$1),FALSE) -> 鍛えられた鉄。硬度が高く安価なためよく使用される。 | CP83: =VLOOKUP(C83,武器!$A:$W,COLUMN(武器!W$1),FALSE) -> 大剣。非常に重いが威力が突出して高い武器。大きい分ガードにも向いている | CR83: ="e_"&ROW(CR83) -> e_83 | CS83: =CN83*100 -> 135000
A84: =D84&"の"&C84 -> 鋼の細剣 | B84: =IFERROR(VLOOKUP($D84,素材!$1:$1016,COLUMN($B$1),FALSE)&"・"&VLOOKUP($C84,武器!$1:$998,COLUMN(B$1),FALSE),"") -> スチール・レイピア | C84: 細剣 | D84: 鋼 | E84: =IFERROR(VLOOKUP(C84,武器!$1:$998,COLUMN(C$1),FALSE),"") -> 武器 | F84: =IFERROR(ROUNDDOWN((VLOOKUP($C84,武器!$1:$998,COLUMN(D$1),FALSE)+IFERROR(VLOOKUP($CI84,装強!$1:$999,COLUMN(F$1),FALSE),0))*VLOOKUP($D84,素材!$1:$1016,COLUMN(D$1),FALSE),0),"") -> 105 | G84: =IFERROR(ROUNDDOWN((VLOOKUP($C84,武器!$1:$998,COLUMN(E$1),FALSE)+IFERROR(VLOOKUP($CI84,装強!$1:$999,COLUMN(G$1),FALSE),0))*VLOOKUP($D84,素材!$1:$1016,COLUMN($E$1),FALSE),0),"") -> 12 | H84: =IFERROR(ROUNDDOWN((VLOOKUP($C84,武器!$1:$998,COLUMN(F$1),FALSE)+IFERROR(VLOOKUP($CI84,装強!$1:$999,COLUMN(H$1),FALSE),0))*VLOOKUP($D84,素材!$1:$1016,COLUMN($E$1),FALSE),0),"") -> 17 | I84: =IFERROR(ROUNDDOWN((VLOOKUP($C84,武器!$1:$998,COLUMN(G$1),FALSE)+IFERROR(VLOOKUP($CI84,装強!$1:$999,COLUMN(I$1),FALSE),0))*VLOOKUP($D84,素材!$1:$1016,COLUMN($E$1),FALSE),0),"") -> 0 | J84: =IFERROR(ROUNDDOWN((VLOOKUP($C84,武器!$1:$998,COLUMN(H$1),FALSE)+IFERROR(VLOOKUP($CI84,装強!$1:$999,COLUMN(J$1),FALSE),0))*VLOOKUP($D84,素材!$1:$1016,COLUMN($E$1),FALSE),0),"") -> 21 | K84: =IFERROR(ROUNDDOWN((VLOOKUP($C84,武器!$1:$998,COLUMN(I$1),FALSE)+IFERROR(VLOOKUP($CI84,装強!$1:$999,COLUMN(K$1),FALSE),0))*VLOOKUP($D84,素材!$1:$1016,COLUMN($E$1),FALSE),0),"") -> 0 | L84: =IFERROR(VLOOKUP($D84,素材!$1:$1016,COLUMN($F$1),FALSE),"") -> 0 | M84: =IFERROR(VLOOKUP($C84,武器!$1:$998,COLUMN(AA$1),FALSE)*VLOOKUP($D84,素材!$1:$1016,COLUMN($G$1),FALSE),"") -> 0 | N84: =IFERROR(VLOOKUP($C84,武器!$1:$998,COLUMN(I$1),FALSE),"") -> 0 | O84: =IFERROR((VLOOKUP($C84,武器!$1:$998,COLUMN(K$1),FALSE)+VLOOKUP($D84,素材!$1:$1016,COLUMN(H$1),FALSE))*100+IFERROR(VLOOKUP($CI84,装強!$1:$999,COLUMN(O$1),FALSE),0),"") -> 15 | P84: =IFERROR((VLOOKUP($C84,武器!$1:$998,COLUMN(L$1),FALSE)+VLOOKUP($D84,素材!$1:$1016,COLUMN(I$1),FALSE))*100+IFERROR(VLOOKUP($CI84,装強!$1:$999,COLUMN(P$1),FALSE),0),"") -> 125 | Q84: =IFERROR(ROUNDUP(VLOOKUP($C84,武器!$1:$998,COLUMN(M$1),FALSE)*(VLOOKUP($D84,素材!$1:$1002,COLUMN(D$1),FALSE)/100),1),"") -> 0 | R84: =IFERROR(ROUNDUP(VLOOKUP($C84,武器!$1:$998,COLUMN(N$1),FALSE)*(VLOOKUP($D84,素材!$1:$1002,COLUMN(D$1),FALSE)/100),1),"") -> 0 | S84: =IFERROR(VLOOKUP($C84,武器!$1:$998,COLUMN(P$1),FALSE),"") -> 0 | T84: =IFERROR(VLOOKUP($C84,武器!$1:$998,COLUMN(Q$1),FALSE),"") -> 0 | U84: =IFERROR(VLOOKUP($C84,武器!$1:$998,COLUMN(R$1),FALSE),"") -> 0 | V84: =IFERROR(VLOOKUP($C84,武器!$1:$998,COLUMN(Q$1),FALSE),"") -> 0 | W84: =IFERROR(VLOOKUP($C84,武器!$1:$998,COLUMN(T$1),FALSE),"") -> A | Y84: =IFERROR(VLOOKUP($C84,武器!$1:$998,COLUMN(U$1),FALSE),"") -> 片手適正Ⅰ | Z84: =IFERROR(ROUNDUP(VLOOKUP($C84,武器!$1:$998,COLUMN(O$1),FALSE)*VLOOKUP($D84,素材!$1:$1016,COLUMN(E$1),FALSE),1),"") -> 0 | AA84: =IF(ISNUMBER(SEARCH(SUBSTITUTE(AA$1,RIGHT(AA$1,2),""),VLOOKUP($D84,素材!$1:$1016,COLUMN($F$1),FALSE))),VLOOKUP($C84,武器!$1:$998,COLUMN($O$1),FALSE)*VLOOKUP($D84,素材!$1:$1016,COLUMN($E$1),FALSE)/(LEN(VLOOKUP($D84,素材!$1:$1016,COLUMN($F$1),FALSE)) - LEN(SUBSTITUTE(VLOOKUP($D84,素材!$1:$1016,COLUMN($F$1),FALSE), "・", 0)) + 1), 0) -> 0 | AB84: =IF(ISNUMBER(SEARCH(SUBSTITUTE(AB$1,RIGHT(AB$1,2),""),VLOOKUP($D84,素材!$1:$1016,COLUMN($F$1),FALSE))),VLOOKUP($C84,武器!$1:$998,COLUMN($O$1),FALSE)*VLOOKUP($D84,素材!$1:$1016,COLUMN($E$1),FALSE)/(LEN(VLOOKUP($D84,素材!$1:$1016,COLUMN($F$1),FALSE)) - LEN(SUBSTITUTE(VLOOKUP($D84,素材!$1:$1016,COLUMN($F$1),FALSE), "・", 0)) + 1), 0) -> 0 | AC84: =IF(ISNUMBER(SEARCH(SUBSTITUTE(AC$1,RIGHT(AC$1,2),""),VLOOKUP($D84,素材!$1:$1016,COLUMN($F$1),FALSE))),VLOOKUP($C84,武器!$1:$998,COLUMN($O$1),FALSE)*VLOOKUP($D84,素材!$1:$1016,COLUMN($E$1),FALSE)/(LEN(VLOOKUP($D84,素材!$1:$1016,COLUMN($F$1),FALSE)) - LEN(SUBSTITUTE(VLOOKUP($D84,素材!$1:$1016,COLUMN($F$1),FALSE), "・", 0)) + 1), 0) -> 0 | AD84: =IF(ISNUMBER(SEARCH(SUBSTITUTE(AD$1,RIGHT(AD$1,2),""),VLOOKUP($D84,素材!$1:$1016,COLUMN($F$1),FALSE))),VLOOKUP($C84,武器!$1:$998,COLUMN($O$1),FALSE)*VLOOKUP($D84,素材!$1:$1016,COLUMN($E$1),FALSE)/(LEN(VLOOKUP($D84,素材!$1:$1016,COLUMN($F$1),FALSE)) - LEN(SUBSTITUTE(VLOOKUP($D84,素材!$1:$1016,COLUMN($F$1),FALSE), "・", 0)) + 1), 0) -> 0 | AE84: =IF(ISNUMBER(SEARCH(SUBSTITUTE(AE$1,RIGHT(AE$1,2),""),VLOOKUP($D84,素材!$1:$1016,COLUMN($F$1),FALSE))),VLOOKUP($C84,武器!$1:$998,COLUMN($O$1),FALSE)*VLOOKUP($D84,素材!$1:$1016,COLUMN($E$1),FALSE)/(LEN(VLOOKUP($D84,素材!$1:$1016,COLUMN($F$1),FALSE)) - LEN(SUBSTITUTE(VLOOKUP($D84,素材!$1:$1016,COLUMN($F$1),FALSE), "・", 0)) + 1), 0) -> 0 | AF84: =IF(ISNUMBER(SEARCH(SUBSTITUTE(AF$1,RIGHT(AF$1,2),""),VLOOKUP($D84,素材!$1:$1016,COLUMN($F$1),FALSE))),VLOOKUP($C84,武器!$1:$998,COLUMN($O$1),FALSE)*VLOOKUP($D84,素材!$1:$1016,COLUMN($E$1),FALSE)/(LEN(VLOOKUP($D84,素材!$1:$1016,COLUMN($F$1),FALSE)) - LEN(SUBSTITUTE(VLOOKUP($D84,素材!$1:$1016,COLUMN($F$1),FALSE), "・", 0)) + 1), 0) -> 0 | AG84: =IF(ISNUMBER(SEARCH(SUBSTITUTE(AG$1,RIGHT(AG$1,2),""),VLOOKUP($D84,素材!$1:$1016,COLUMN($F$1),FALSE))),VLOOKUP($C84,武器!$1:$998,COLUMN($O$1),FALSE)*VLOOKUP($D84,素材!$1:$1016,COLUMN($E$1),FALSE)/(LEN(VLOOKUP($D84,素材!$1:$1016,COLUMN($F$1),FALSE)) - LEN(SUBSTITUTE(VLOOKUP($D84,素材!$1:$1016,COLUMN($F$1),FALSE), "・", 0)) + 1), 0) -> 0 | AH84: =IF(ISNUMBER(SEARCH(SUBSTITUTE(AH$1,RIGHT(AH$1,2),""),VLOOKUP($D84,素材!$1:$1016,COLUMN($F$1),FALSE))),VLOOKUP($C84,武器!$1:$998,COLUMN($O$1),FALSE)*VLOOKUP($D84,素材!$1:$1016,COLUMN($E$1),FALSE)/(LEN(VLOOKUP($D84,素材!$1:$1016,COLUMN($F$1),FALSE)) - LEN(SUBSTITUTE(VLOOKUP($D84,素材!$1:$1016,COLUMN($F$1),FALSE), "・", 0)) + 1), 0) -> 0 | ... BE84: =IF(ISNUMBER(SEARCH(SUBSTITUTE(BE$1,RIGHT(BE$1,2),""),VLOOKUP($D84,素材!$1:$1016,COLUMN($F$1),FALSE))),VLOOKUP($C84,武器!$1:$998,COLUMN($O$1),FALSE)*VLOOKUP($D84,素材!$1:$1016,COLUMN($E$1),FALSE)/(LEN(VLOOKUP($D84,素材!$1:$1016,COLUMN($F$1),FALSE)) - LEN(SUBSTITUTE(VLOOKUP($D84,素材!$1:$1016,COLUMN($F$1),FALSE), "・", 0)) + 1), 0) -> 0 | CL84: =SUM(G84:I84) -> 29 | CM84: =IF(E84="武器",IF(J84-1>SUM(G84:I84),"盾",IF(MAX(G84:I84)=G84,"切断",IF(MAX(G84:I84)=H84,"貫通",IF(MAX(G84:I84)=I84,"打撃","射撃")))),E84)&".webp" -> 貫通.webp | CN84: =IFERROR(VLOOKUP($C84,武器!$1:$998,COLUMN(V$1),FALSE)*VLOOKUP($D84,素材!$1:$1016,COLUMN(N$1),FALSE)+IF(CI84="",0,VLOOKUP($CI84,装強!$1:$1008,COLUMN($CK$1),FALSE)),"") -> 900 | CO84: =VLOOKUP(D84,素材!$A:$O,COLUMN(素材!O$1),FALSE) -> 鍛えられた鉄。硬度が高く安価なためよく使用される。 | CP84: =VLOOKUP(C84,武器!$A:$W,COLUMN(武器!W$1),FALSE) -> 細剣。刺突に優れた武器でCr率が高い | CR84: ="e_"&ROW(CR84) -> e_84 | CS84: =CN84*100 -> 90000
A85: =D85&"の"&C85 -> 鋼の刺剣 | B85: =IFERROR(VLOOKUP($D85,素材!$1:$1016,COLUMN($B$1),FALSE)&"・"&VLOOKUP($C85,武器!$1:$998,COLUMN(B$1),FALSE),"") -> スチール・スティレット | C85: 刺剣 | D85: 鋼 | E85: =IFERROR(VLOOKUP(C85,武器!$1:$998,COLUMN(C$1),FALSE),"") -> 武器 | F85: =IFERROR(ROUNDDOWN((VLOOKUP($C85,武器!$1:$998,COLUMN(D$1),FALSE)+IFERROR(VLOOKUP($CI85,装強!$1:$999,COLUMN(F$1),FALSE),0))*VLOOKUP($D85,素材!$1:$1016,COLUMN(D$1),FALSE),0),"") -> 115 | G85: =IFERROR(ROUNDDOWN((VLOOKUP($C85,武器!$1:$998,COLUMN(E$1),FALSE)+IFERROR(VLOOKUP($CI85,装強!$1:$999,COLUMN(G$1),FALSE),0))*VLOOKUP($D85,素材!$1:$1016,COLUMN($E$1),FALSE),0),"") -> 5 | H85: =IFERROR(ROUNDDOWN((VLOOKUP($C85,武器!$1:$998,COLUMN(F$1),FALSE)+IFERROR(VLOOKUP($CI85,装強!$1:$999,COLUMN(H$1),FALSE),0))*VLOOKUP($D85,素材!$1:$1016,COLUMN($E$1),FALSE),0),"") -> 24 | I85: =IFERROR(ROUNDDOWN((VLOOKUP($C85,武器!$1:$998,COLUMN(G$1),FALSE)+IFERROR(VLOOKUP($CI85,装強!$1:$999,COLUMN(I$1),FALSE),0))*VLOOKUP($D85,素材!$1:$1016,COLUMN($E$1),FALSE),0),"") -> 0 | J85: =IFERROR(ROUNDDOWN((VLOOKUP($C85,武器!$1:$998,COLUMN(H$1),FALSE)+IFERROR(VLOOKUP($CI85,装強!$1:$999,COLUMN(J$1),FALSE),0))*VLOOKUP($D85,素材!$1:$1016,COLUMN($E$1),FALSE),0),"") -> 22 | K85: =IFERROR(ROUNDDOWN((VLOOKUP($C85,武器!$1:$998,COLUMN(I$1),FALSE)+IFERROR(VLOOKUP($CI85,装強!$1:$999,COLUMN(K$1),FALSE),0))*VLOOKUP($D85,素材!$1:$1016,COLUMN($E$1),FALSE),0),"") -> 0 | L85: =IFERROR(VLOOKUP($D85,素材!$1:$1016,COLUMN($F$1),FALSE),"") -> 0 | M85: =IFERROR(VLOOKUP($C85,武器!$1:$998,COLUMN(AA$1),FALSE)*VLOOKUP($D85,素材!$1:$1016,COLUMN($G$1),FALSE),"") -> 0 | N85: =IFERROR(VLOOKUP($C85,武器!$1:$998,COLUMN(I$1),FALSE),"") -> 0 | O85: =IFERROR((VLOOKUP($C85,武器!$1:$998,COLUMN(K$1),FALSE)+VLOOKUP($D85,素材!$1:$1016,COLUMN(H$1),FALSE))*100+IFERROR(VLOOKUP($CI85,装強!$1:$999,COLUMN(O$1),FALSE),0),"") -> 10 | P85: =IFERROR((VLOOKUP($C85,武器!$1:$998,COLUMN(L$1),FALSE)+VLOOKUP($D85,素材!$1:$1016,COLUMN(I$1),FALSE))*100+IFERROR(VLOOKUP($CI85,装強!$1:$999,COLUMN(P$1),FALSE),0),"") -> 150 | Q85: =IFERROR(ROUNDUP(VLOOKUP($C85,武器!$1:$998,COLUMN(M$1),FALSE)*(VLOOKUP($D85,素材!$1:$1002,COLUMN(D$1),FALSE)/100),1),"") -> 0 | R85: =IFERROR(ROUNDUP(VLOOKUP($C85,武器!$1:$998,COLUMN(N$1),FALSE)*(VLOOKUP($D85,素材!$1:$1002,COLUMN(D$1),FALSE)/100),1),"") -> 0 | S85: =IFERROR(VLOOKUP($C85,武器!$1:$998,COLUMN(P$1),FALSE),"") -> 0 | T85: =IFERROR(VLOOKUP($C85,武器!$1:$998,COLUMN(Q$1),FALSE),"") -> 0 | U85: =IFERROR(VLOOKUP($C85,武器!$1:$998,COLUMN(R$1),FALSE),"") -> 0 | V85: =IFERROR(VLOOKUP($C85,武器!$1:$998,COLUMN(Q$1),FALSE),"") -> 0 | W85: =IFERROR(VLOOKUP($C85,武器!$1:$998,COLUMN(T$1),FALSE),"") -> A | Y85: =IFERROR(VLOOKUP($C85,武器!$1:$998,COLUMN(U$1),FALSE),"") -> 片手適正Ⅰ | Z85: =IFERROR(ROUNDUP(VLOOKUP($C85,武器!$1:$998,COLUMN(O$1),FALSE)*VLOOKUP($D85,素材!$1:$1016,COLUMN(E$1),FALSE),1),"") -> 0 | AA85: =IF(ISNUMBER(SEARCH(SUBSTITUTE(AA$1,RIGHT(AA$1,2),""),VLOOKUP($D85,素材!$1:$1016,COLUMN($F$1),FALSE))),VLOOKUP($C85,武器!$1:$998,COLUMN($O$1),FALSE)*VLOOKUP($D85,素材!$1:$1016,COLUMN($E$1),FALSE)/(LEN(VLOOKUP($D85,素材!$1:$1016,COLUMN($F$1),FALSE)) - LEN(SUBSTITUTE(VLOOKUP($D85,素材!$1:$1016,COLUMN($F$1),FALSE), "・", 0)) + 1), 0) -> 0 | AB85: =IF(ISNUMBER(SEARCH(SUBSTITUTE(AB$1,RIGHT(AB$1,2),""),VLOOKUP($D85,素材!$1:$1016,COLUMN($F$1),FALSE))),VLOOKUP($C85,武器!$1:$998,COLUMN($O$1),FALSE)*VLOOKUP($D85,素材!$1:$1016,COLUMN($E$1),FALSE)/(LEN(VLOOKUP($D85,素材!$1:$1016,COLUMN($F$1),FALSE)) - LEN(SUBSTITUTE(VLOOKUP($D85,素材!$1:$1016,COLUMN($F$1),FALSE), "・", 0)) + 1), 0) -> 0 | AC85: =IF(ISNUMBER(SEARCH(SUBSTITUTE(AC$1,RIGHT(AC$1,2),""),VLOOKUP($D85,素材!$1:$1016,COLUMN($F$1),FALSE))),VLOOKUP($C85,武器!$1:$998,COLUMN($O$1),FALSE)*VLOOKUP($D85,素材!$1:$1016,COLUMN($E$1),FALSE)/(LEN(VLOOKUP($D85,素材!$1:$1016,COLUMN($F$1),FALSE)) - LEN(SUBSTITUTE(VLOOKUP($D85,素材!$1:$1016,COLUMN($F$1),FALSE), "・", 0)) + 1), 0) -> 0 | AD85: =IF(ISNUMBER(SEARCH(SUBSTITUTE(AD$1,RIGHT(AD$1,2),""),VLOOKUP($D85,素材!$1:$1016,COLUMN($F$1),FALSE))),VLOOKUP($C85,武器!$1:$998,COLUMN($O$1),FALSE)*VLOOKUP($D85,素材!$1:$1016,COLUMN($E$1),FALSE)/(LEN(VLOOKUP($D85,素材!$1:$1016,COLUMN($F$1),FALSE)) - LEN(SUBSTITUTE(VLOOKUP($D85,素材!$1:$1016,COLUMN($F$1),FALSE), "・", 0)) + 1), 0) -> 0 | AE85: =IF(ISNUMBER(SEARCH(SUBSTITUTE(AE$1,RIGHT(AE$1,2),""),VLOOKUP($D85,素材!$1:$1016,COLUMN($F$1),FALSE))),VLOOKUP($C85,武器!$1:$998,COLUMN($O$1),FALSE)*VLOOKUP($D85,素材!$1:$1016,COLUMN($E$1),FALSE)/(LEN(VLOOKUP($D85,素材!$1:$1016,COLUMN($F$1),FALSE)) - LEN(SUBSTITUTE(VLOOKUP($D85,素材!$1:$1016,COLUMN($F$1),FALSE), "・", 0)) + 1), 0) -> 0 | AF85: =IF(ISNUMBER(SEARCH(SUBSTITUTE(AF$1,RIGHT(AF$1,2),""),VLOOKUP($D85,素材!$1:$1016,COLUMN($F$1),FALSE))),VLOOKUP($C85,武器!$1:$998,COLUMN($O$1),FALSE)*VLOOKUP($D85,素材!$1:$1016,COLUMN($E$1),FALSE)/(LEN(VLOOKUP($D85,素材!$1:$1016,COLUMN($F$1),FALSE)) - LEN(SUBSTITUTE(VLOOKUP($D85,素材!$1:$1016,COLUMN($F$1),FALSE), "・", 0)) + 1), 0) -> 0 | AG85: =IF(ISNUMBER(SEARCH(SUBSTITUTE(AG$1,RIGHT(AG$1,2),""),VLOOKUP($D85,素材!$1:$1016,COLUMN($F$1),FALSE))),VLOOKUP($C85,武器!$1:$998,COLUMN($O$1),FALSE)*VLOOKUP($D85,素材!$1:$1016,COLUMN($E$1),FALSE)/(LEN(VLOOKUP($D85,素材!$1:$1016,COLUMN($F$1),FALSE)) - LEN(SUBSTITUTE(VLOOKUP($D85,素材!$1:$1016,COLUMN($F$1),FALSE), "・", 0)) + 1), 0) -> 0 | AH85: =IF(ISNUMBER(SEARCH(SUBSTITUTE(AH$1,RIGHT(AH$1,2),""),VLOOKUP($D85,素材!$1:$1016,COLUMN($F$1),FALSE))),VLOOKUP($C85,武器!$1:$998,COLUMN($O$1),FALSE)*VLOOKUP($D85,素材!$1:$1016,COLUMN($E$1),FALSE)/(LEN(VLOOKUP($D85,素材!$1:$1016,COLUMN($F$1),FALSE)) - LEN(SUBSTITUTE(VLOOKUP($D85,素材!$1:$1016,COLUMN($F$1),FALSE), "・", 0)) + 1), 0) -> 0 | ... BE85: =IF(ISNUMBER(SEARCH(SUBSTITUTE(BE$1,RIGHT(BE$1,2),""),VLOOKUP($D85,素材!$1:$1016,COLUMN($F$1),FALSE))),VLOOKUP($C85,武器!$1:$998,COLUMN($O$1),FALSE)*VLOOKUP($D85,素材!$1:$1016,COLUMN($E$1),FALSE)/(LEN(VLOOKUP($D85,素材!$1:$1016,COLUMN($F$1),FALSE)) - LEN(SUBSTITUTE(VLOOKUP($D85,素材!$1:$1016,COLUMN($F$1),FALSE), "・", 0)) + 1), 0) -> 0 | CL85: =SUM(G85:I85) -> 29 | CM85: =IF(E85="武器",IF(J85-1>SUM(G85:I85),"盾",IF(MAX(G85:I85)=G85,"切断",IF(MAX(G85:I85)=H85,"貫通",IF(MAX(G85:I85)=I85,"打撃","射撃")))),E85)&".webp" -> 貫通.webp | CN85: =IFERROR(VLOOKUP($C85,武器!$1:$998,COLUMN(V$1),FALSE)*VLOOKUP($D85,素材!$1:$1016,COLUMN(N$1),FALSE)+IF(CI85="",0,VLOOKUP($CI85,装強!$1:$1008,COLUMN($CK$1),FALSE)),"") -> 675 | CO85: =VLOOKUP(D85,素材!$A:$O,COLUMN(素材!O$1),FALSE) -> 鍛えられた鉄。硬度が高く安価なためよく使用される。 | CP85: =VLOOKUP(C85,武器!$A:$W,COLUMN(武器!W$1),FALSE) -> 刺剣。小型で精密な攻撃が可能な武器。 | CR85: ="e_"&ROW(CR85) -> e_85 | CS85: =CN85*100 -> 67500
A86: =D86&"の"&C86 -> 鋼の短槍 | B86: =IFERROR(VLOOKUP($D86,素材!$1:$1016,COLUMN($B$1),FALSE)&"・"&VLOOKUP($C86,武器!$1:$998,COLUMN(B$1),FALSE),"") -> スチール・ショートスピア | C86: 短槍 | D86: 鋼 | E86: =IFERROR(VLOOKUP(C86,武器!$1:$998,COLUMN(C$1),FALSE),"") -> 武器 | F86: =IFERROR(ROUNDDOWN((VLOOKUP($C86,武器!$1:$998,COLUMN(D$1),FALSE)+IFERROR(VLOOKUP($CI86,装強!$1:$999,COLUMN(F$1),FALSE),0))*VLOOKUP($D86,素材!$1:$1016,COLUMN(D$1),FALSE),0),"") -> 110 | G86: =IFERROR(ROUNDDOWN((VLOOKUP($C86,武器!$1:$998,COLUMN(E$1),FALSE)+IFERROR(VLOOKUP($CI86,装強!$1:$999,COLUMN(G$1),FALSE),0))*VLOOKUP($D86,素材!$1:$1016,COLUMN($E$1),FALSE),0),"") -> 10 | H86: =IFERROR(ROUNDDOWN((VLOOKUP($C86,武器!$1:$998,COLUMN(F$1),FALSE)+IFERROR(VLOOKUP($CI86,装強!$1:$999,COLUMN(H$1),FALSE),0))*VLOOKUP($D86,素材!$1:$1016,COLUMN($E$1),FALSE),0),"") -> 18 | I86: =IFERROR(ROUNDDOWN((VLOOKUP($C86,武器!$1:$998,COLUMN(G$1),FALSE)+IFERROR(VLOOKUP($CI86,装強!$1:$999,COLUMN(I$1),FALSE),0))*VLOOKUP($D86,素材!$1:$1016,COLUMN($E$1),FALSE),0),"") -> 4 | J86: =IFERROR(ROUNDDOWN((VLOOKUP($C86,武器!$1:$998,COLUMN(H$1),FALSE)+IFERROR(VLOOKUP($CI86,装強!$1:$999,COLUMN(J$1),FALSE),0))*VLOOKUP($D86,素材!$1:$1016,COLUMN($E$1),FALSE),0),"") -> 22 | K86: =IFERROR(ROUNDDOWN((VLOOKUP($C86,武器!$1:$998,COLUMN(I$1),FALSE)+IFERROR(VLOOKUP($CI86,装強!$1:$999,COLUMN(K$1),FALSE),0))*VLOOKUP($D86,素材!$1:$1016,COLUMN($E$1),FALSE),0),"") -> 0 | L86: =IFERROR(VLOOKUP($D86,素材!$1:$1016,COLUMN($F$1),FALSE),"") -> 0 | M86: =IFERROR(VLOOKUP($C86,武器!$1:$998,COLUMN(AA$1),FALSE)*VLOOKUP($D86,素材!$1:$1016,COLUMN($G$1),FALSE),"") -> 0 | N86: =IFERROR(VLOOKUP($C86,武器!$1:$998,COLUMN(I$1),FALSE),"") -> 0 | O86: =IFERROR((VLOOKUP($C86,武器!$1:$998,COLUMN(K$1),FALSE)+VLOOKUP($D86,素材!$1:$1016,COLUMN(H$1),FALSE))*100+IFERROR(VLOOKUP($CI86,装強!$1:$999,COLUMN(O$1),FALSE),0),"") -> 10 | P86: =IFERROR((VLOOKUP($C86,武器!$1:$998,COLUMN(L$1),FALSE)+VLOOKUP($D86,素材!$1:$1016,COLUMN(I$1),FALSE))*100+IFERROR(VLOOKUP($CI86,装強!$1:$999,COLUMN(P$1),FALSE),0),"") -> 150 | Q86: =IFERROR(ROUNDUP(VLOOKUP($C86,武器!$1:$998,COLUMN(M$1),FALSE)*(VLOOKUP($D86,素材!$1:$1002,COLUMN(D$1),FALSE)/100),1),"") -> 0 | R86: =IFERROR(ROUNDUP(VLOOKUP($C86,武器!$1:$998,COLUMN(N$1),FALSE)*(VLOOKUP($D86,素材!$1:$1002,COLUMN(D$1),FALSE)/100),1),"") -> 0 | S86: =IFERROR(VLOOKUP($C86,武器!$1:$998,COLUMN(P$1),FALSE),"") -> 0 | T86: =IFERROR(VLOOKUP($C86,武器!$1:$998,COLUMN(Q$1),FALSE),"") -> 0 | U86: =IFERROR(VLOOKUP($C86,武器!$1:$998,COLUMN(R$1),FALSE),"") -> 0 | V86: =IFERROR(VLOOKUP($C86,武器!$1:$998,COLUMN(Q$1),FALSE),"") -> 0 | W86: =IFERROR(VLOOKUP($C86,武器!$1:$998,COLUMN(T$1),FALSE),"") -> A | Y86: =IFERROR(VLOOKUP($C86,武器!$1:$998,COLUMN(U$1),FALSE),"") -> 投擲強化 | Z86: =IFERROR(ROUNDUP(VLOOKUP($C86,武器!$1:$998,COLUMN(O$1),FALSE)*VLOOKUP($D86,素材!$1:$1016,COLUMN(E$1),FALSE),1),"") -> 0 | AA86: =IF(ISNUMBER(SEARCH(SUBSTITUTE(AA$1,RIGHT(AA$1,2),""),VLOOKUP($D86,素材!$1:$1016,COLUMN($F$1),FALSE))),VLOOKUP($C86,武器!$1:$998,COLUMN($O$1),FALSE)*VLOOKUP($D86,素材!$1:$1016,COLUMN($E$1),FALSE)/(LEN(VLOOKUP($D86,素材!$1:$1016,COLUMN($F$1),FALSE)) - LEN(SUBSTITUTE(VLOOKUP($D86,素材!$1:$1016,COLUMN($F$1),FALSE), "・", 0)) + 1), 0) -> 0 | AB86: =IF(ISNUMBER(SEARCH(SUBSTITUTE(AB$1,RIGHT(AB$1,2),""),VLOOKUP($D86,素材!$1:$1016,COLUMN($F$1),FALSE))),VLOOKUP($C86,武器!$1:$998,COLUMN($O$1),FALSE)*VLOOKUP($D86,素材!$1:$1016,COLUMN($E$1),FALSE)/(LEN(VLOOKUP($D86,素材!$1:$1016,COLUMN($F$1),FALSE)) - LEN(SUBSTITUTE(VLOOKUP($D86,素材!$1:$1016,COLUMN($F$1),FALSE), "・", 0)) + 1), 0) -> 0 | AC86: =IF(ISNUMBER(SEARCH(SUBSTITUTE(AC$1,RIGHT(AC$1,2),""),VLOOKUP($D86,素材!$1:$1016,COLUMN($F$1),FALSE))),VLOOKUP($C86,武器!$1:$998,COLUMN($O$1),FALSE)*VLOOKUP($D86,素材!$1:$1016,COLUMN($E$1),FALSE)/(LEN(VLOOKUP($D86,素材!$1:$1016,COLUMN($F$1),FALSE)) - LEN(SUBSTITUTE(VLOOKUP($D86,素材!$1:$1016,COLUMN($F$1),FALSE), "・", 0)) + 1), 0) -> 0 | AD86: =IF(ISNUMBER(SEARCH(SUBSTITUTE(AD$1,RIGHT(AD$1,2),""),VLOOKUP($D86,素材!$1:$1016,COLUMN($F$1),FALSE))),VLOOKUP($C86,武器!$1:$998,COLUMN($O$1),FALSE)*VLOOKUP($D86,素材!$1:$1016,COLUMN($E$1),FALSE)/(LEN(VLOOKUP($D86,素材!$1:$1016,COLUMN($F$1),FALSE)) - LEN(SUBSTITUTE(VLOOKUP($D86,素材!$1:$1016,COLUMN($F$1),FALSE), "・", 0)) + 1), 0) -> 0 | AE86: =IF(ISNUMBER(SEARCH(SUBSTITUTE(AE$1,RIGHT(AE$1,2),""),VLOOKUP($D86,素材!$1:$1016,COLUMN($F$1),FALSE))),VLOOKUP($C86,武器!$1:$998,COLUMN($O$1),FALSE)*VLOOKUP($D86,素材!$1:$1016,COLUMN($E$1),FALSE)/(LEN(VLOOKUP($D86,素材!$1:$1016,COLUMN($F$1),FALSE)) - LEN(SUBSTITUTE(VLOOKUP($D86,素材!$1:$1016,COLUMN($F$1),FALSE), "・", 0)) + 1), 0) -> 0 | AF86: =IF(ISNUMBER(SEARCH(SUBSTITUTE(AF$1,RIGHT(AF$1,2),""),VLOOKUP($D86,素材!$1:$1016,COLUMN($F$1),FALSE))),VLOOKUP($C86,武器!$1:$998,COLUMN($O$1),FALSE)*VLOOKUP($D86,素材!$1:$1016,COLUMN($E$1),FALSE)/(LEN(VLOOKUP($D86,素材!$1:$1016,COLUMN($F$1),FALSE)) - LEN(SUBSTITUTE(VLOOKUP($D86,素材!$1:$1016,COLUMN($F$1),FALSE), "・", 0)) + 1), 0) -> 0 | AG86: =IF(ISNUMBER(SEARCH(SUBSTITUTE(AG$1,RIGHT(AG$1,2),""),VLOOKUP($D86,素材!$1:$1016,COLUMN($F$1),FALSE))),VLOOKUP($C86,武器!$1:$998,COLUMN($O$1),FALSE)*VLOOKUP($D86,素材!$1:$1016,COLUMN($E$1),FALSE)/(LEN(VLOOKUP($D86,素材!$1:$1016,COLUMN($F$1),FALSE)) - LEN(SUBSTITUTE(VLOOKUP($D86,素材!$1:$1016,COLUMN($F$1),FALSE), "・", 0)) + 1), 0) -> 0 | AH86: =IF(ISNUMBER(SEARCH(SUBSTITUTE(AH$1,RIGHT(AH$1,2),""),VLOOKUP($D86,素材!$1:$1016,COLUMN($F$1),FALSE))),VLOOKUP($C86,武器!$1:$998,COLUMN($O$1),FALSE)*VLOOKUP($D86,素材!$1:$1016,COLUMN($E$1),FALSE)/(LEN(VLOOKUP($D86,素材!$1:$1016,COLUMN($F$1),FALSE)) - LEN(SUBSTITUTE(VLOOKUP($D86,素材!$1:$1016,COLUMN($F$1),FALSE), "・", 0)) + 1), 0) -> 0 | ... BE86: =IF(ISNUMBER(SEARCH(SUBSTITUTE(BE$1,RIGHT(BE$1,2),""),VLOOKUP($D86,素材!$1:$1016,COLUMN($F$1),FALSE))),VLOOKUP($C86,武器!$1:$998,COLUMN($O$1),FALSE)*VLOOKUP($D86,素材!$1:$1016,COLUMN($E$1),FALSE)/(LEN(VLOOKUP($D86,素材!$1:$1016,COLUMN($F$1),FALSE)) - LEN(SUBSTITUTE(VLOOKUP($D86,素材!$1:$1016,COLUMN($F$1),FALSE), "・", 0)) + 1), 0) -> 0 | CL86: =SUM(G86:I86) -> 32 | CM86: =IF(E86="武器",IF(J86-1>SUM(G86:I86),"盾",IF(MAX(G86:I86)=G86,"切断",IF(MAX(G86:I86)=H86,"貫通",IF(MAX(G86:I86)=I86,"打撃","射撃")))),E86)&".webp" -> 貫通.webp | CN86: =IFERROR(VLOOKUP($C86,武器!$1:$998,COLUMN(V$1),FALSE)*VLOOKUP($D86,素材!$1:$1016,COLUMN(N$1),FALSE)+IF(CI86="",0,VLOOKUP($CI86,装強!$1:$1008,COLUMN($CK$1),FALSE)),"") -> 675 | CO86: =VLOOKUP(D86,素材!$A:$O,COLUMN(素材!O$1),FALSE) -> 鍛えられた鉄。硬度が高く安価なためよく使用される。 | CP86: =VLOOKUP(C86,武器!$A:$W,COLUMN(武器!W$1),FALSE) -> 短槍。短く扱いやすい槍で、投擲にも対応。 | CR86: ="e_"&ROW(CR86) -> e_86 | CS86: =CN86*100 -> 67500
A87: =D87&"の"&C87 -> 鋼の槍 | B87: =IFERROR(VLOOKUP($D87,素材!$1:$1016,COLUMN($B$1),FALSE)&"・"&VLOOKUP($C87,武器!$1:$998,COLUMN(B$1),FALSE),"") -> スチール・スピア | C87: 槍 | D87: 鋼 | E87: =IFERROR(VLOOKUP(C87,武器!$1:$998,COLUMN(C$1),FALSE),"") -> 武器 | F87: =IFERROR(ROUNDDOWN((VLOOKUP($C87,武器!$1:$998,COLUMN(D$1),FALSE)+IFERROR(VLOOKUP($CI87,装強!$1:$999,COLUMN(F$1),FALSE),0))*VLOOKUP($D87,素材!$1:$1016,COLUMN(D$1),FALSE),0),"") -> 120 | G87: =IFERROR(ROUNDDOWN((VLOOKUP($C87,武器!$1:$998,COLUMN(E$1),FALSE)+IFERROR(VLOOKUP($CI87,装強!$1:$999,COLUMN(G$1),FALSE),0))*VLOOKUP($D87,素材!$1:$1016,COLUMN($E$1),FALSE),0),"") -> 10 | H87: =IFERROR(ROUNDDOWN((VLOOKUP($C87,武器!$1:$998,COLUMN(F$1),FALSE)+IFERROR(VLOOKUP($CI87,装強!$1:$999,COLUMN(H$1),FALSE),0))*VLOOKUP($D87,素材!$1:$1016,COLUMN($E$1),FALSE),0),"") -> 21 | I87: =IFERROR(ROUNDDOWN((VLOOKUP($C87,武器!$1:$998,COLUMN(G$1),FALSE)+IFERROR(VLOOKUP($CI87,装強!$1:$999,COLUMN(I$1),FALSE),0))*VLOOKUP($D87,素材!$1:$1016,COLUMN($E$1),FALSE),0),"") -> 4 | J87: =IFERROR(ROUNDDOWN((VLOOKUP($C87,武器!$1:$998,COLUMN(H$1),FALSE)+IFERROR(VLOOKUP($CI87,装強!$1:$999,COLUMN(J$1),FALSE),0))*VLOOKUP($D87,素材!$1:$1016,COLUMN($E$1),FALSE),0),"") -> 22 | K87: =IFERROR(ROUNDDOWN((VLOOKUP($C87,武器!$1:$998,COLUMN(I$1),FALSE)+IFERROR(VLOOKUP($CI87,装強!$1:$999,COLUMN(K$1),FALSE),0))*VLOOKUP($D87,素材!$1:$1016,COLUMN($E$1),FALSE),0),"") -> 0 | L87: =IFERROR(VLOOKUP($D87,素材!$1:$1016,COLUMN($F$1),FALSE),"") -> 0 | M87: =IFERROR(VLOOKUP($C87,武器!$1:$998,COLUMN(AA$1),FALSE)*VLOOKUP($D87,素材!$1:$1016,COLUMN($G$1),FALSE),"") -> 0 | N87: =IFERROR(VLOOKUP($C87,武器!$1:$998,COLUMN(I$1),FALSE),"") -> 0 | O87: =IFERROR((VLOOKUP($C87,武器!$1:$998,COLUMN(K$1),FALSE)+VLOOKUP($D87,素材!$1:$1016,COLUMN(H$1),FALSE))*100+IFERROR(VLOOKUP($CI87,装強!$1:$999,COLUMN(O$1),FALSE),0),"") -> 10 | P87: =IFERROR((VLOOKUP($C87,武器!$1:$998,COLUMN(L$1),FALSE)+VLOOKUP($D87,素材!$1:$1016,COLUMN(I$1),FALSE))*100+IFERROR(VLOOKUP($CI87,装強!$1:$999,COLUMN(P$1),FALSE),0),"") -> 150 | Q87: =IFERROR(ROUNDUP(VLOOKUP($C87,武器!$1:$998,COLUMN(M$1),FALSE)*(VLOOKUP($D87,素材!$1:$1002,COLUMN(D$1),FALSE)/100),1),"") -> 0 | R87: =IFERROR(ROUNDUP(VLOOKUP($C87,武器!$1:$998,COLUMN(N$1),FALSE)*(VLOOKUP($D87,素材!$1:$1002,COLUMN(D$1),FALSE)/100),1),"") -> -5.3 | S87: =IFERROR(VLOOKUP($C87,武器!$1:$998,COLUMN(P$1),FALSE),"") -> 0 | T87: =IFERROR(VLOOKUP($C87,武器!$1:$998,COLUMN(Q$1),FALSE),"") -> 0 | U87: =IFERROR(VLOOKUP($C87,武器!$1:$998,COLUMN(R$1),FALSE),"") -> 0 | V87: =IFERROR(VLOOKUP($C87,武器!$1:$998,COLUMN(Q$1),FALSE),"") -> 0 | W87: =IFERROR(VLOOKUP($C87,武器!$1:$998,COLUMN(T$1),FALSE),"") -> A | Y87: =IFERROR(VLOOKUP($C87,武器!$1:$998,COLUMN(U$1),FALSE),"") -> 投擲強化 | Z87: =IFERROR(ROUNDUP(VLOOKUP($C87,武器!$1:$998,COLUMN(O$1),FALSE)*VLOOKUP($D87,素材!$1:$1016,COLUMN(E$1),FALSE),1),"") -> 0 | AA87: =IF(ISNUMBER(SEARCH(SUBSTITUTE(AA$1,RIGHT(AA$1,2),""),VLOOKUP($D87,素材!$1:$1016,COLUMN($F$1),FALSE))),VLOOKUP($C87,武器!$1:$998,COLUMN($O$1),FALSE)*VLOOKUP($D87,素材!$1:$1016,COLUMN($E$1),FALSE)/(LEN(VLOOKUP($D87,素材!$1:$1016,COLUMN($F$1),FALSE)) - LEN(SUBSTITUTE(VLOOKUP($D87,素材!$1:$1016,COLUMN($F$1),FALSE), "・", 0)) + 1), 0) -> 0 | AB87: =IF(ISNUMBER(SEARCH(SUBSTITUTE(AB$1,RIGHT(AB$1,2),""),VLOOKUP($D87,素材!$1:$1016,COLUMN($F$1),FALSE))),VLOOKUP($C87,武器!$1:$998,COLUMN($O$1),FALSE)*VLOOKUP($D87,素材!$1:$1016,COLUMN($E$1),FALSE)/(LEN(VLOOKUP($D87,素材!$1:$1016,COLUMN($F$1),FALSE)) - LEN(SUBSTITUTE(VLOOKUP($D87,素材!$1:$1016,COLUMN($F$1),FALSE), "・", 0)) + 1), 0) -> 0 | AC87: =IF(ISNUMBER(SEARCH(SUBSTITUTE(AC$1,RIGHT(AC$1,2),""),VLOOKUP($D87,素材!$1:$1016,COLUMN($F$1),FALSE))),VLOOKUP($C87,武器!$1:$998,COLUMN($O$1),FALSE)*VLOOKUP($D87,素材!$1:$1016,COLUMN($E$1),FALSE)/(LEN(VLOOKUP($D87,素材!$1:$1016,COLUMN($F$1),FALSE)) - LEN(SUBSTITUTE(VLOOKUP($D87,素材!$1:$1016,COLUMN($F$1),FALSE), "・", 0)) + 1), 0) -> 0 | AD87: =IF(ISNUMBER(SEARCH(SUBSTITUTE(AD$1,RIGHT(AD$1,2),""),VLOOKUP($D87,素材!$1:$1016,COLUMN($F$1),FALSE))),VLOOKUP($C87,武器!$1:$998,COLUMN($O$1),FALSE)*VLOOKUP($D87,素材!$1:$1016,COLUMN($E$1),FALSE)/(LEN(VLOOKUP($D87,素材!$1:$1016,COLUMN($F$1),FALSE)) - LEN(SUBSTITUTE(VLOOKUP($D87,素材!$1:$1016,COLUMN($F$1),FALSE), "・", 0)) + 1), 0) -> 0 | AE87: =IF(ISNUMBER(SEARCH(SUBSTITUTE(AE$1,RIGHT(AE$1,2),""),VLOOKUP($D87,素材!$1:$1016,COLUMN($F$1),FALSE))),VLOOKUP($C87,武器!$1:$998,COLUMN($O$1),FALSE)*VLOOKUP($D87,素材!$1:$1016,COLUMN($E$1),FALSE)/(LEN(VLOOKUP($D87,素材!$1:$1016,COLUMN($F$1),FALSE)) - LEN(SUBSTITUTE(VLOOKUP($D87,素材!$1:$1016,COLUMN($F$1),FALSE), "・", 0)) + 1), 0) -> 0 | AF87: =IF(ISNUMBER(SEARCH(SUBSTITUTE(AF$1,RIGHT(AF$1,2),""),VLOOKUP($D87,素材!$1:$1016,COLUMN($F$1),FALSE))),VLOOKUP($C87,武器!$1:$998,COLUMN($O$1),FALSE)*VLOOKUP($D87,素材!$1:$1016,COLUMN($E$1),FALSE)/(LEN(VLOOKUP($D87,素材!$1:$1016,COLUMN($F$1),FALSE)) - LEN(SUBSTITUTE(VLOOKUP($D87,素材!$1:$1016,COLUMN($F$1),FALSE), "・", 0)) + 1), 0) -> 0 | AG87: =IF(ISNUMBER(SEARCH(SUBSTITUTE(AG$1,RIGHT(AG$1,2),""),VLOOKUP($D87,素材!$1:$1016,COLUMN($F$1),FALSE))),VLOOKUP($C87,武器!$1:$998,COLUMN($O$1),FALSE)*VLOOKUP($D87,素材!$1:$1016,COLUMN($E$1),FALSE)/(LEN(VLOOKUP($D87,素材!$1:$1016,COLUMN($F$1),FALSE)) - LEN(SUBSTITUTE(VLOOKUP($D87,素材!$1:$1016,COLUMN($F$1),FALSE), "・", 0)) + 1), 0) -> 0 | AH87: =IF(ISNUMBER(SEARCH(SUBSTITUTE(AH$1,RIGHT(AH$1,2),""),VLOOKUP($D87,素材!$1:$1016,COLUMN($F$1),FALSE))),VLOOKUP($C87,武器!$1:$998,COLUMN($O$1),FALSE)*VLOOKUP($D87,素材!$1:$1016,COLUMN($E$1),FALSE)/(LEN(VLOOKUP($D87,素材!$1:$1016,COLUMN($F$1),FALSE)) - LEN(SUBSTITUTE(VLOOKUP($D87,素材!$1:$1016,COLUMN($F$1),FALSE), "・", 0)) + 1), 0) -> 0 | ... BE87: =IF(ISNUMBER(SEARCH(SUBSTITUTE(BE$1,RIGHT(BE$1,2),""),VLOOKUP($D87,素材!$1:$1016,COLUMN($F$1),FALSE))),VLOOKUP($C87,武器!$1:$998,COLUMN($O$1),FALSE)*VLOOKUP($D87,素材!$1:$1016,COLUMN($E$1),FALSE)/(LEN(VLOOKUP($D87,素材!$1:$1016,COLUMN($F$1),FALSE)) - LEN(SUBSTITUTE(VLOOKUP($D87,素材!$1:$1016,COLUMN($F$1),FALSE), "・", 0)) + 1), 0) -> 0 | CL87: =SUM(G87:I87) -> 35 | CM87: =IF(E87="武器",IF(J87-1>SUM(G87:I87),"盾",IF(MAX(G87:I87)=G87,"切断",IF(MAX(G87:I87)=H87,"貫通",IF(MAX(G87:I87)=I87,"打撃","射撃")))),E87)&".webp" -> 貫通.webp | CN87: =IFERROR(VLOOKUP($C87,武器!$1:$998,COLUMN(V$1),FALSE)*VLOOKUP($D87,素材!$1:$1016,COLUMN(N$1),FALSE)+IF(CI87="",0,VLOOKUP($CI87,装強!$1:$1008,COLUMN($CK$1),FALSE)),"") -> 900 | CO87: =VLOOKUP(D87,素材!$A:$O,COLUMN(素材!O$1),FALSE) -> 鍛えられた鉄。硬度が高く安価なためよく使用される。 | CP87: =VLOOKUP(C87,武器!$A:$W,COLUMN(武器!W$1),FALSE) -> 槍。リーチが長く、刺突に優れる武器。 | CR87: ="e_"&ROW(CR87) -> e_87 | CS87: =CN87*100 -> 90000
A88: =D88&"の"&C88 -> 鋼の騎士槍 | B88: =IFERROR(VLOOKUP($D88,素材!$1:$1016,COLUMN($B$1),FALSE)&"・"&VLOOKUP($C88,武器!$1:$998,COLUMN(B$1),FALSE),"") -> スチール・ランス | C88: 騎士槍 | D88: 鋼 | E88: =IFERROR(VLOOKUP(C88,武器!$1:$998,COLUMN(C$1),FALSE),"") -> 武器 | F88: =IFERROR(ROUNDDOWN((VLOOKUP($C88,武器!$1:$998,COLUMN(D$1),FALSE)+IFERROR(VLOOKUP($CI88,装強!$1:$999,COLUMN(F$1),FALSE),0))*VLOOKUP($D88,素材!$1:$1016,COLUMN(D$1),FALSE),0),"") -> 120 | G88: =IFERROR(ROUNDDOWN((VLOOKUP($C88,武器!$1:$998,COLUMN(E$1),FALSE)+IFERROR(VLOOKUP($CI88,装強!$1:$999,COLUMN(G$1),FALSE),0))*VLOOKUP($D88,素材!$1:$1016,COLUMN($E$1),FALSE),0),"") -> 0 | H88: =IFERROR(ROUNDDOWN((VLOOKUP($C88,武器!$1:$998,COLUMN(F$1),FALSE)+IFERROR(VLOOKUP($CI88,装強!$1:$999,COLUMN(H$1),FALSE),0))*VLOOKUP($D88,素材!$1:$1016,COLUMN($E$1),FALSE),0),"") -> 25 | I88: =IFERROR(ROUNDDOWN((VLOOKUP($C88,武器!$1:$998,COLUMN(G$1),FALSE)+IFERROR(VLOOKUP($CI88,装強!$1:$999,COLUMN(I$1),FALSE),0))*VLOOKUP($D88,素材!$1:$1016,COLUMN($E$1),FALSE),0),"") -> 12 | J88: =IFERROR(ROUNDDOWN((VLOOKUP($C88,武器!$1:$998,COLUMN(H$1),FALSE)+IFERROR(VLOOKUP($CI88,装強!$1:$999,COLUMN(J$1),FALSE),0))*VLOOKUP($D88,素材!$1:$1016,COLUMN($E$1),FALSE),0),"") -> 27 | K88: =IFERROR(ROUNDDOWN((VLOOKUP($C88,武器!$1:$998,COLUMN(I$1),FALSE)+IFERROR(VLOOKUP($CI88,装強!$1:$999,COLUMN(K$1),FALSE),0))*VLOOKUP($D88,素材!$1:$1016,COLUMN($E$1),FALSE),0),"") -> 0 | L88: =IFERROR(VLOOKUP($D88,素材!$1:$1016,COLUMN($F$1),FALSE),"") -> 0 | M88: =IFERROR(VLOOKUP($C88,武器!$1:$998,COLUMN(AA$1),FALSE)*VLOOKUP($D88,素材!$1:$1016,COLUMN($G$1),FALSE),"") -> 0 | N88: =IFERROR(VLOOKUP($C88,武器!$1:$998,COLUMN(I$1),FALSE),"") -> 0 | O88: =IFERROR((VLOOKUP($C88,武器!$1:$998,COLUMN(K$1),FALSE)+VLOOKUP($D88,素材!$1:$1016,COLUMN(H$1),FALSE))*100+IFERROR(VLOOKUP($CI88,装強!$1:$999,COLUMN(O$1),FALSE),0),"") -> 5 | P88: =IFERROR((VLOOKUP($C88,武器!$1:$998,COLUMN(L$1),FALSE)+VLOOKUP($D88,素材!$1:$1016,COLUMN(I$1),FALSE))*100+IFERROR(VLOOKUP($CI88,装強!$1:$999,COLUMN(P$1),FALSE),0),"") -> 175 | Q88: =IFERROR(ROUNDUP(VLOOKUP($C88,武器!$1:$998,COLUMN(M$1),FALSE)*(VLOOKUP($D88,素材!$1:$1002,COLUMN(D$1),FALSE)/100),1),"") -> -5.3 | R88: =IFERROR(ROUNDUP(VLOOKUP($C88,武器!$1:$998,COLUMN(N$1),FALSE)*(VLOOKUP($D88,素材!$1:$1002,COLUMN(D$1),FALSE)/100),1),"") -> -5.3 | S88: =IFERROR(VLOOKUP($C88,武器!$1:$998,COLUMN(P$1),FALSE),"") -> 0 | T88: =IFERROR(VLOOKUP($C88,武器!$1:$998,COLUMN(Q$1),FALSE),"") -> 0 | U88: =IFERROR(VLOOKUP($C88,武器!$1:$998,COLUMN(R$1),FALSE),"") -> 0 | V88: =IFERROR(VLOOKUP($C88,武器!$1:$998,COLUMN(Q$1),FALSE),"") -> 0 | W88: =IFERROR(VLOOKUP($C88,武器!$1:$998,COLUMN(T$1),FALSE),"") -> A | Y88: =IFERROR(VLOOKUP($C88,武器!$1:$998,COLUMN(U$1),FALSE),"") -> 突撃強化 | Z88: =IFERROR(ROUNDUP(VLOOKUP($C88,武器!$1:$998,COLUMN(O$1),FALSE)*VLOOKUP($D88,素材!$1:$1016,COLUMN(E$1),FALSE),1),"") -> 0 | AA88: =IF(ISNUMBER(SEARCH(SUBSTITUTE(AA$1,RIGHT(AA$1,2),""),VLOOKUP($D88,素材!$1:$1016,COLUMN($F$1),FALSE))),VLOOKUP($C88,武器!$1:$998,COLUMN($O$1),FALSE)*VLOOKUP($D88,素材!$1:$1016,COLUMN($E$1),FALSE)/(LEN(VLOOKUP($D88,素材!$1:$1016,COLUMN($F$1),FALSE)) - LEN(SUBSTITUTE(VLOOKUP($D88,素材!$1:$1016,COLUMN($F$1),FALSE), "・", 0)) + 1), 0) -> 0 | AB88: =IF(ISNUMBER(SEARCH(SUBSTITUTE(AB$1,RIGHT(AB$1,2),""),VLOOKUP($D88,素材!$1:$1016,COLUMN($F$1),FALSE))),VLOOKUP($C88,武器!$1:$998,COLUMN($O$1),FALSE)*VLOOKUP($D88,素材!$1:$1016,COLUMN($E$1),FALSE)/(LEN(VLOOKUP($D88,素材!$1:$1016,COLUMN($F$1),FALSE)) - LEN(SUBSTITUTE(VLOOKUP($D88,素材!$1:$1016,COLUMN($F$1),FALSE), "・", 0)) + 1), 0) -> 0 | AC88: =IF(ISNUMBER(SEARCH(SUBSTITUTE(AC$1,RIGHT(AC$1,2),""),VLOOKUP($D88,素材!$1:$1016,COLUMN($F$1),FALSE))),VLOOKUP($C88,武器!$1:$998,COLUMN($O$1),FALSE)*VLOOKUP($D88,素材!$1:$1016,COLUMN($E$1),FALSE)/(LEN(VLOOKUP($D88,素材!$1:$1016,COLUMN($F$1),FALSE)) - LEN(SUBSTITUTE(VLOOKUP($D88,素材!$1:$1016,COLUMN($F$1),FALSE), "・", 0)) + 1), 0) -> 0 | AD88: =IF(ISNUMBER(SEARCH(SUBSTITUTE(AD$1,RIGHT(AD$1,2),""),VLOOKUP($D88,素材!$1:$1016,COLUMN($F$1),FALSE))),VLOOKUP($C88,武器!$1:$998,COLUMN($O$1),FALSE)*VLOOKUP($D88,素材!$1:$1016,COLUMN($E$1),FALSE)/(LEN(VLOOKUP($D88,素材!$1:$1016,COLUMN($F$1),FALSE)) - LEN(SUBSTITUTE(VLOOKUP($D88,素材!$1:$1016,COLUMN($F$1),FALSE), "・", 0)) + 1), 0) -> 0 | AE88: =IF(ISNUMBER(SEARCH(SUBSTITUTE(AE$1,RIGHT(AE$1,2),""),VLOOKUP($D88,素材!$1:$1016,COLUMN($F$1),FALSE))),VLOOKUP($C88,武器!$1:$998,COLUMN($O$1),FALSE)*VLOOKUP($D88,素材!$1:$1016,COLUMN($E$1),FALSE)/(LEN(VLOOKUP($D88,素材!$1:$1016,COLUMN($F$1),FALSE)) - LEN(SUBSTITUTE(VLOOKUP($D88,素材!$1:$1016,COLUMN($F$1),FALSE), "・", 0)) + 1), 0) -> 0 | AF88: =IF(ISNUMBER(SEARCH(SUBSTITUTE(AF$1,RIGHT(AF$1,2),""),VLOOKUP($D88,素材!$1:$1016,COLUMN($F$1),FALSE))),VLOOKUP($C88,武器!$1:$998,COLUMN($O$1),FALSE)*VLOOKUP($D88,素材!$1:$1016,COLUMN($E$1),FALSE)/(LEN(VLOOKUP($D88,素材!$1:$1016,COLUMN($F$1),FALSE)) - LEN(SUBSTITUTE(VLOOKUP($D88,素材!$1:$1016,COLUMN($F$1),FALSE), "・", 0)) + 1), 0) -> 0 | AG88: =IF(ISNUMBER(SEARCH(SUBSTITUTE(AG$1,RIGHT(AG$1,2),""),VLOOKUP($D88,素材!$1:$1016,COLUMN($F$1),FALSE))),VLOOKUP($C88,武器!$1:$998,COLUMN($O$1),FALSE)*VLOOKUP($D88,素材!$1:$1016,COLUMN($E$1),FALSE)/(LEN(VLOOKUP($D88,素材!$1:$1016,COLUMN($F$1),FALSE)) - LEN(SUBSTITUTE(VLOOKUP($D88,素材!$1:$1016,COLUMN($F$1),FALSE), "・", 0)) + 1), 0) -> 0 | AH88: =IF(ISNUMBER(SEARCH(SUBSTITUTE(AH$1,RIGHT(AH$1,2),""),VLOOKUP($D88,素材!$1:$1016,COLUMN($F$1),FALSE))),VLOOKUP($C88,武器!$1:$998,COLUMN($O$1),FALSE)*VLOOKUP($D88,素材!$1:$1016,COLUMN($E$1),FALSE)/(LEN(VLOOKUP($D88,素材!$1:$1016,COLUMN($F$1),FALSE)) - LEN(SUBSTITUTE(VLOOKUP($D88,素材!$1:$1016,COLUMN($F$1),FALSE), "・", 0)) + 1), 0) -> 0 | ... BE88: =IF(ISNUMBER(SEARCH(SUBSTITUTE(BE$1,RIGHT(BE$1,2),""),VLOOKUP($D88,素材!$1:$1016,COLUMN($F$1),FALSE))),VLOOKUP($C88,武器!$1:$998,COLUMN($O$1),FALSE)*VLOOKUP($D88,素材!$1:$1016,COLUMN($E$1),FALSE)/(LEN(VLOOKUP($D88,素材!$1:$1016,COLUMN($F$1),FALSE)) - LEN(SUBSTITUTE(VLOOKUP($D88,素材!$1:$1016,COLUMN($F$1),FALSE), "・", 0)) + 1), 0) -> 0 | CL88: =SUM(G88:I88) -> 37 | CM88: =IF(E88="武器",IF(J88-1>SUM(G88:I88),"盾",IF(MAX(G88:I88)=G88,"切断",IF(MAX(G88:I88)=H88,"貫通",IF(MAX(G88:I88)=I88,"打撃","射撃")))),E88)&".webp" -> 貫通.webp | CN88: =IFERROR(VLOOKUP($C88,武器!$1:$998,COLUMN(V$1),FALSE)*VLOOKUP($D88,素材!$1:$1016,COLUMN(N$1),FALSE)+IF(CI88="",0,VLOOKUP($CI88,装強!$1:$1008,COLUMN($CK$1),FALSE)),"") -> 1350 | CO88: =VLOOKUP(D88,素材!$A:$O,COLUMN(素材!O$1),FALSE) -> 鍛えられた鉄。硬度が高く安価なためよく使用される。 | CP88: =VLOOKUP(C88,武器!$A:$W,COLUMN(武器!W$1),FALSE) -> 騎士槍。突撃に特化した武器で、高い攻撃力を誇る。 | CR88: ="e_"&ROW(CR88) -> e_88 | CS88: =CN88*100 -> 135000
A89: =D89&"の"&C89 -> 鋼の斧槍 | B89: =IFERROR(VLOOKUP($D89,素材!$1:$1016,COLUMN($B$1),FALSE)&"・"&VLOOKUP($C89,武器!$1:$998,COLUMN(B$1),FALSE),"") -> スチール・ハルバート | C89: 斧槍 | D89: 鋼 | E89: =IFERROR(VLOOKUP(C89,武器!$1:$998,COLUMN(C$1),FALSE),"") -> 武器 | F89: =IFERROR(ROUNDDOWN((VLOOKUP($C89,武器!$1:$998,COLUMN(D$1),FALSE)+IFERROR(VLOOKUP($CI89,装強!$1:$999,COLUMN(F$1),FALSE),0))*VLOOKUP($D89,素材!$1:$1016,COLUMN(D$1),FALSE),0),"") -> 115 | G89: =IFERROR(ROUNDDOWN((VLOOKUP($C89,武器!$1:$998,COLUMN(E$1),FALSE)+IFERROR(VLOOKUP($CI89,装強!$1:$999,COLUMN(G$1),FALSE),0))*VLOOKUP($D89,素材!$1:$1016,COLUMN($E$1),FALSE),0),"") -> 10 | H89: =IFERROR(ROUNDDOWN((VLOOKUP($C89,武器!$1:$998,COLUMN(F$1),FALSE)+IFERROR(VLOOKUP($CI89,装強!$1:$999,COLUMN(H$1),FALSE),0))*VLOOKUP($D89,素材!$1:$1016,COLUMN($E$1),FALSE),0),"") -> 13 | I89: =IFERROR(ROUNDDOWN((VLOOKUP($C89,武器!$1:$998,COLUMN(G$1),FALSE)+IFERROR(VLOOKUP($CI89,装強!$1:$999,COLUMN(I$1),FALSE),0))*VLOOKUP($D89,素材!$1:$1016,COLUMN($E$1),FALSE),0),"") -> 8 | J89: =IFERROR(ROUNDDOWN((VLOOKUP($C89,武器!$1:$998,COLUMN(H$1),FALSE)+IFERROR(VLOOKUP($CI89,装強!$1:$999,COLUMN(J$1),FALSE),0))*VLOOKUP($D89,素材!$1:$1016,COLUMN($E$1),FALSE),0),"") -> 25 | K89: =IFERROR(ROUNDDOWN((VLOOKUP($C89,武器!$1:$998,COLUMN(I$1),FALSE)+IFERROR(VLOOKUP($CI89,装強!$1:$999,COLUMN(K$1),FALSE),0))*VLOOKUP($D89,素材!$1:$1016,COLUMN($E$1),FALSE),0),"") -> 0 | L89: =IFERROR(VLOOKUP($D89,素材!$1:$1016,COLUMN($F$1),FALSE),"") -> 0 | M89: =IFERROR(VLOOKUP($C89,武器!$1:$998,COLUMN(AA$1),FALSE)*VLOOKUP($D89,素材!$1:$1016,COLUMN($G$1),FALSE),"") -> 0 | N89: =IFERROR(VLOOKUP($C89,武器!$1:$998,COLUMN(I$1),FALSE),"") -> 0 | O89: =IFERROR((VLOOKUP($C89,武器!$1:$998,COLUMN(K$1),FALSE)+VLOOKUP($D89,素材!$1:$1016,COLUMN(H$1),FALSE))*100+IFERROR(VLOOKUP($CI89,装強!$1:$999,COLUMN(O$1),FALSE),0),"") -> 10 | P89: =IFERROR((VLOOKUP($C89,武器!$1:$998,COLUMN(L$1),FALSE)+VLOOKUP($D89,素材!$1:$1016,COLUMN(I$1),FALSE))*100+IFERROR(VLOOKUP($CI89,装強!$1:$999,COLUMN(P$1),FALSE),0),"") -> 150 | Q89: =IFERROR(ROUNDUP(VLOOKUP($C89,武器!$1:$998,COLUMN(M$1),FALSE)*(VLOOKUP($D89,素材!$1:$1002,COLUMN(D$1),FALSE)/100),1),"") -> -5.3 | R89: =IFERROR(ROUNDUP(VLOOKUP($C89,武器!$1:$998,COLUMN(N$1),FALSE)*(VLOOKUP($D89,素材!$1:$1002,COLUMN(D$1),FALSE)/100),1),"") -> -5.3 | S89: =IFERROR(VLOOKUP($C89,武器!$1:$998,COLUMN(P$1),FALSE),"") -> 0 | T89: =IFERROR(VLOOKUP($C89,武器!$1:$998,COLUMN(Q$1),FALSE),"") -> 0 | U89: =IFERROR(VLOOKUP($C89,武器!$1:$998,COLUMN(R$1),FALSE),"") -> 0 | V89: =IFERROR(VLOOKUP($C89,武器!$1:$998,COLUMN(Q$1),FALSE),"") -> 0 | W89: =IFERROR(VLOOKUP($C89,武器!$1:$998,COLUMN(T$1),FALSE),"") -> A | Y89: =IFERROR(VLOOKUP($C89,武器!$1:$998,COLUMN(U$1),FALSE),"") -> 0 | Z89: =IFERROR(ROUNDUP(VLOOKUP($C89,武器!$1:$998,COLUMN(O$1),FALSE)*VLOOKUP($D89,素材!$1:$1016,COLUMN(E$1),FALSE),1),"") -> 0 | AA89: =IF(ISNUMBER(SEARCH(SUBSTITUTE(AA$1,RIGHT(AA$1,2),""),VLOOKUP($D89,素材!$1:$1016,COLUMN($F$1),FALSE))),VLOOKUP($C89,武器!$1:$998,COLUMN($O$1),FALSE)*VLOOKUP($D89,素材!$1:$1016,COLUMN($E$1),FALSE)/(LEN(VLOOKUP($D89,素材!$1:$1016,COLUMN($F$1),FALSE)) - LEN(SUBSTITUTE(VLOOKUP($D89,素材!$1:$1016,COLUMN($F$1),FALSE), "・", 0)) + 1), 0) -> 0 | AB89: =IF(ISNUMBER(SEARCH(SUBSTITUTE(AB$1,RIGHT(AB$1,2),""),VLOOKUP($D89,素材!$1:$1016,COLUMN($F$1),FALSE))),VLOOKUP($C89,武器!$1:$998,COLUMN($O$1),FALSE)*VLOOKUP($D89,素材!$1:$1016,COLUMN($E$1),FALSE)/(LEN(VLOOKUP($D89,素材!$1:$1016,COLUMN($F$1),FALSE)) - LEN(SUBSTITUTE(VLOOKUP($D89,素材!$1:$1016,COLUMN($F$1),FALSE), "・", 0)) + 1), 0) -> 0 | AC89: =IF(ISNUMBER(SEARCH(SUBSTITUTE(AC$1,RIGHT(AC$1,2),""),VLOOKUP($D89,素材!$1:$1016,COLUMN($F$1),FALSE))),VLOOKUP($C89,武器!$1:$998,COLUMN($O$1),FALSE)*VLOOKUP($D89,素材!$1:$1016,COLUMN($E$1),FALSE)/(LEN(VLOOKUP($D89,素材!$1:$1016,COLUMN($F$1),FALSE)) - LEN(SUBSTITUTE(VLOOKUP($D89,素材!$1:$1016,COLUMN($F$1),FALSE), "・", 0)) + 1), 0) -> 0 | AD89: =IF(ISNUMBER(SEARCH(SUBSTITUTE(AD$1,RIGHT(AD$1,2),""),VLOOKUP($D89,素材!$1:$1016,COLUMN($F$1),FALSE))),VLOOKUP($C89,武器!$1:$998,COLUMN($O$1),FALSE)*VLOOKUP($D89,素材!$1:$1016,COLUMN($E$1),FALSE)/(LEN(VLOOKUP($D89,素材!$1:$1016,COLUMN($F$1),FALSE)) - LEN(SUBSTITUTE(VLOOKUP($D89,素材!$1:$1016,COLUMN($F$1),FALSE), "・", 0)) + 1), 0) -> 0 | AE89: =IF(ISNUMBER(SEARCH(SUBSTITUTE(AE$1,RIGHT(AE$1,2),""),VLOOKUP($D89,素材!$1:$1016,COLUMN($F$1),FALSE))),VLOOKUP($C89,武器!$1:$998,COLUMN($O$1),FALSE)*VLOOKUP($D89,素材!$1:$1016,COLUMN($E$1),FALSE)/(LEN(VLOOKUP($D89,素材!$1:$1016,COLUMN($F$1),FALSE)) - LEN(SUBSTITUTE(VLOOKUP($D89,素材!$1:$1016,COLUMN($F$1),FALSE), "・", 0)) + 1), 0) -> 0 | AF89: =IF(ISNUMBER(SEARCH(SUBSTITUTE(AF$1,RIGHT(AF$1,2),""),VLOOKUP($D89,素材!$1:$1016,COLUMN($F$1),FALSE))),VLOOKUP($C89,武器!$1:$998,COLUMN($O$1),FALSE)*VLOOKUP($D89,素材!$1:$1016,COLUMN($E$1),FALSE)/(LEN(VLOOKUP($D89,素材!$1:$1016,COLUMN($F$1),FALSE)) - LEN(SUBSTITUTE(VLOOKUP($D89,素材!$1:$1016,COLUMN($F$1),FALSE), "・", 0)) + 1), 0) -> 0 | AG89: =IF(ISNUMBER(SEARCH(SUBSTITUTE(AG$1,RIGHT(AG$1,2),""),VLOOKUP($D89,素材!$1:$1016,COLUMN($F$1),FALSE))),VLOOKUP($C89,武器!$1:$998,COLUMN($O$1),FALSE)*VLOOKUP($D89,素材!$1:$1016,COLUMN($E$1),FALSE)/(LEN(VLOOKUP($D89,素材!$1:$1016,COLUMN($F$1),FALSE)) - LEN(SUBSTITUTE(VLOOKUP($D89,素材!$1:$1016,COLUMN($F$1),FALSE), "・", 0)) + 1), 0) -> 0 | AH89: =IF(ISNUMBER(SEARCH(SUBSTITUTE(AH$1,RIGHT(AH$1,2),""),VLOOKUP($D89,素材!$1:$1016,COLUMN($F$1),FALSE))),VLOOKUP($C89,武器!$1:$998,COLUMN($O$1),FALSE)*VLOOKUP($D89,素材!$1:$1016,COLUMN($E$1),FALSE)/(LEN(VLOOKUP($D89,素材!$1:$1016,COLUMN($F$1),FALSE)) - LEN(SUBSTITUTE(VLOOKUP($D89,素材!$1:$1016,COLUMN($F$1),FALSE), "・", 0)) + 1), 0) -> 0 | ... BE89: =IF(ISNUMBER(SEARCH(SUBSTITUTE(BE$1,RIGHT(BE$1,2),""),VLOOKUP($D89,素材!$1:$1016,COLUMN($F$1),FALSE))),VLOOKUP($C89,武器!$1:$998,COLUMN($O$1),FALSE)*VLOOKUP($D89,素材!$1:$1016,COLUMN($E$1),FALSE)/(LEN(VLOOKUP($D89,素材!$1:$1016,COLUMN($F$1),FALSE)) - LEN(SUBSTITUTE(VLOOKUP($D89,素材!$1:$1016,COLUMN($F$1),FALSE), "・", 0)) + 1), 0) -> 0 | CL89: =SUM(G89:I89) -> 31 | CM89: =IF(E89="武器",IF(J89-1>SUM(G89:I89),"盾",IF(MAX(G89:I89)=G89,"切断",IF(MAX(G89:I89)=H89,"貫通",IF(MAX(G89:I89)=I89,"打撃","射撃")))),E89)&".webp" -> 貫通.webp | CN89: =IFERROR(VLOOKUP($C89,武器!$1:$998,COLUMN(V$1),FALSE)*VLOOKUP($D89,素材!$1:$1016,COLUMN(N$1),FALSE)+IF(CI89="",0,VLOOKUP($CI89,装強!$1:$1008,COLUMN($CK$1),FALSE)),"") -> 1125 | CO89: =VLOOKUP(D89,素材!$A:$O,COLUMN(素材!O$1),FALSE) -> 鍛えられた鉄。硬度が高く安価なためよく使用される。 | CP89: =VLOOKUP(C89,武器!$A:$W,COLUMN(武器!W$1),FALSE) -> 斧槍。全力時に威力が高く斬撃と突撃の両方に対応できる武器。 | CR89: ="e_"&ROW(CR89) -> e_89 | CS89: =CN89*100 -> 112500
... A114: =D114&"の"&C114 -> 鋼の靴 | B114: =IFERROR(VLOOKUP($D114,素材!$1:$1016,COLUMN($B$1),FALSE)&"・"&VLOOKUP($C114,武器!$1:$998,COLUMN(B$1),FALSE),"") -> スチール・ブーツ | C114: 靴 | D114: 鋼 | E114: =IFERROR(VLOOKUP(C114,武器!$1:$998,COLUMN(C$1),FALSE),"") -> 足 | F114: =IFERROR(ROUNDDOWN((VLOOKUP($C114,武器!$1:$998,COLUMN(D$1),FALSE)+IFERROR(VLOOKUP($CI114,装強!$1:$999,COLUMN(F$1),FALSE),0))*VLOOKUP($D114,素材!$1:$1016,COLUMN(D$1),FALSE),0),"") -> 0 | G114: =IFERROR(ROUNDDOWN((VLOOKUP($C114,武器!$1:$998,COLUMN(E$1),FALSE)+IFERROR(VLOOKUP($CI114,装強!$1:$999,COLUMN(G$1),FALSE),0))*VLOOKUP($D114,素材!$1:$1016,COLUMN($E$1),FALSE),0),"") -> 0 | H114: =IFERROR(ROUNDDOWN((VLOOKUP($C114,武器!$1:$998,COLUMN(F$1),FALSE)+IFERROR(VLOOKUP($CI114,装強!$1:$999,COLUMN(H$1),FALSE),0))*VLOOKUP($D114,素材!$1:$1016,COLUMN($E$1),FALSE),0),"") -> 0 | I114: =IFERROR(ROUNDDOWN((VLOOKUP($C114,武器!$1:$998,COLUMN(G$1),FALSE)+IFERROR(VLOOKUP($CI114,装強!$1:$999,COLUMN(I$1),FALSE),0))*VLOOKUP($D114,素材!$1:$1016,COLUMN($E$1),FALSE),0),"") -> 27 | J114: =IFERROR(ROUNDDOWN((VLOOKUP($C114,武器!$1:$998,COLUMN(H$1),FALSE)+IFERROR(VLOOKUP($CI114,装強!$1:$999,COLUMN(J$1),FALSE),0))*VLOOKUP($D114,素材!$1:$1016,COLUMN($E$1),FALSE),0),"") -> 0 | K114: =IFERROR(ROUNDDOWN((VLOOKUP($C114,武器!$1:$998,COLUMN(I$1),FALSE)+IFERROR(VLOOKUP($CI114,装強!$1:$999,COLUMN(K$1),FALSE),0))*VLOOKUP($D114,素材!$1:$1016,COLUMN($E$1),FALSE),0),"") -> 0 | L114: =IFERROR(VLOOKUP($D114,素材!$1:$1016,COLUMN($F$1),FALSE),"") -> 0 | M114: =IFERROR(VLOOKUP($C114,武器!$1:$998,COLUMN(AA$1),FALSE)*VLOOKUP($D114,素材!$1:$1016,COLUMN($G$1),FALSE),"") -> 0 | N114: =IFERROR(VLOOKUP($C114,武器!$1:$998,COLUMN(I$1),FALSE),"") -> 0 | O114: =IFERROR((VLOOKUP($C114,武器!$1:$998,COLUMN(K$1),FALSE)+VLOOKUP($D114,素材!$1:$1016,COLUMN(H$1),FALSE))*100+IFERROR(VLOOKUP($CI114,装強!$1:$999,COLUMN(O$1),FALSE),0),"") -> 10 | P114: =IFERROR((VLOOKUP($C114,武器!$1:$998,COLUMN(L$1),FALSE)+VLOOKUP($D114,素材!$1:$1016,COLUMN(I$1),FALSE))*100+IFERROR(VLOOKUP($CI114,装強!$1:$999,COLUMN(P$1),FALSE),0),"") -> 150 | Q114: =IFERROR(ROUNDUP(VLOOKUP($C114,武器!$1:$998,COLUMN(M$1),FALSE)*(VLOOKUP($D114,素材!$1:$1002,COLUMN(D$1),FALSE)/100),1),"") -> 0 | R114: =IFERROR(ROUNDUP(VLOOKUP($C114,武器!$1:$998,COLUMN(N$1),FALSE)*(VLOOKUP($D114,素材!$1:$1002,COLUMN(D$1),FALSE)/100),1),"") -> 0 | S114: =IFERROR(VLOOKUP($C114,武器!$1:$998,COLUMN(P$1),FALSE),"") -> 0 | T114: =IFERROR(VLOOKUP($C114,武器!$1:$998,COLUMN(Q$1),FALSE),"") -> 0 | U114: =IFERROR(VLOOKUP($C114,武器!$1:$998,COLUMN(R$1),FALSE),"") -> 0 | V114: =IFERROR(VLOOKUP($C114,武器!$1:$998,COLUMN(Q$1),FALSE),"") -> 0 | W114: =IFERROR(VLOOKUP($C114,武器!$1:$998,COLUMN(T$1),FALSE),"") -> 0 | Y114: =IFERROR(VLOOKUP($C114,武器!$1:$998,COLUMN(U$1),FALSE),"") -> 足 | Z114: =IFERROR(ROUNDUP(VLOOKUP($C114,武器!$1:$998,COLUMN(O$1),FALSE)*VLOOKUP($D114,素材!$1:$1016,COLUMN(E$1),FALSE),1),"") -> 4.1 | AA114: =IF(ISNUMBER(SEARCH(SUBSTITUTE(AA$1,RIGHT(AA$1,2),""),VLOOKUP($D114,素材!$1:$1016,COLUMN($F$1),FALSE))),VLOOKUP($C114,武器!$1:$998,COLUMN($O$1),FALSE)*VLOOKUP($D114,素材!$1:$1016,COLUMN($E$1),FALSE)/(LEN(VLOOKUP($D114,素材!$1:$1016,COLUMN($F$1),FALSE)) - LEN(SUBSTITUTE(VLOOKUP($D114,素材!$1:$1016,COLUMN($F$1),FALSE), "・", 0)) + 1), 0) -> 0 | AB114: =IF(ISNUMBER(SEARCH(SUBSTITUTE(AB$1,RIGHT(AB$1,2),""),VLOOKUP($D114,素材!$1:$1016,COLUMN($F$1),FALSE))),VLOOKUP($C114,武器!$1:$998,COLUMN($O$1),FALSE)*VLOOKUP($D114,素材!$1:$1016,COLUMN($E$1),FALSE)/(LEN(VLOOKUP($D114,素材!$1:$1016,COLUMN($F$1),FALSE)) - LEN(SUBSTITUTE(VLOOKUP($D114,素材!$1:$1016,COLUMN($F$1),FALSE), "・", 0)) + 1), 0) -> 0 | AC114: =IF(ISNUMBER(SEARCH(SUBSTITUTE(AC$1,RIGHT(AC$1,2),""),VLOOKUP($D114,素材!$1:$1016,COLUMN($F$1),FALSE))),VLOOKUP($C114,武器!$1:$998,COLUMN($O$1),FALSE)*VLOOKUP($D114,素材!$1:$1016,COLUMN($E$1),FALSE)/(LEN(VLOOKUP($D114,素材!$1:$1016,COLUMN($F$1),FALSE)) - LEN(SUBSTITUTE(VLOOKUP($D114,素材!$1:$1016,COLUMN($F$1),FALSE), "・", 0)) + 1), 0) -> 0 | AD114: =IF(ISNUMBER(SEARCH(SUBSTITUTE(AD$1,RIGHT(AD$1,2),""),VLOOKUP($D114,素材!$1:$1016,COLUMN($F$1),FALSE))),VLOOKUP($C114,武器!$1:$998,COLUMN($O$1),FALSE)*VLOOKUP($D114,素材!$1:$1016,COLUMN($E$1),FALSE)/(LEN(VLOOKUP($D114,素材!$1:$1016,COLUMN($F$1),FALSE)) - LEN(SUBSTITUTE(VLOOKUP($D114,素材!$1:$1016,COLUMN($F$1),FALSE), "・", 0)) + 1), 0) -> 0 | AE114: =IF(ISNUMBER(SEARCH(SUBSTITUTE(AE$1,RIGHT(AE$1,2),""),VLOOKUP($D114,素材!$1:$1016,COLUMN($F$1),FALSE))),VLOOKUP($C114,武器!$1:$998,COLUMN($O$1),FALSE)*VLOOKUP($D114,素材!$1:$1016,COLUMN($E$1),FALSE)/(LEN(VLOOKUP($D114,素材!$1:$1016,COLUMN($F$1),FALSE)) - LEN(SUBSTITUTE(VLOOKUP($D114,素材!$1:$1016,COLUMN($F$1),FALSE), "・", 0)) + 1), 0) -> 0 | AF114: =IF(ISNUMBER(SEARCH(SUBSTITUTE(AF$1,RIGHT(AF$1,2),""),VLOOKUP($D114,素材!$1:$1016,COLUMN($F$1),FALSE))),VLOOKUP($C114,武器!$1:$998,COLUMN($O$1),FALSE)*VLOOKUP($D114,素材!$1:$1016,COLUMN($E$1),FALSE)/(LEN(VLOOKUP($D114,素材!$1:$1016,COLUMN($F$1),FALSE)) - LEN(SUBSTITUTE(VLOOKUP($D114,素材!$1:$1016,COLUMN($F$1),FALSE), "・", 0)) + 1), 0) -> 0 | AG114: =IF(ISNUMBER(SEARCH(SUBSTITUTE(AG$1,RIGHT(AG$1,2),""),VLOOKUP($D114,素材!$1:$1016,COLUMN($F$1),FALSE))),VLOOKUP($C114,武器!$1:$998,COLUMN($O$1),FALSE)*VLOOKUP($D114,素材!$1:$1016,COLUMN($E$1),FALSE)/(LEN(VLOOKUP($D114,素材!$1:$1016,COLUMN($F$1),FALSE)) - LEN(SUBSTITUTE(VLOOKUP($D114,素材!$1:$1016,COLUMN($F$1),FALSE), "・", 0)) + 1), 0) -> 0 | AH114: =IF(ISNUMBER(SEARCH(SUBSTITUTE(AH$1,RIGHT(AH$1,2),""),VLOOKUP($D114,素材!$1:$1016,COLUMN($F$1),FALSE))),VLOOKUP($C114,武器!$1:$998,COLUMN($O$1),FALSE)*VLOOKUP($D114,素材!$1:$1016,COLUMN($E$1),FALSE)/(LEN(VLOOKUP($D114,素材!$1:$1016,COLUMN($F$1),FALSE)) - LEN(SUBSTITUTE(VLOOKUP($D114,素材!$1:$1016,COLUMN($F$1),FALSE), "・", 0)) + 1), 0) -> 0 | ... BE114: =IF(ISNUMBER(SEARCH(SUBSTITUTE(BE$1,RIGHT(BE$1,2),""),VLOOKUP($D114,素材!$1:$1016,COLUMN($F$1),FALSE))),VLOOKUP($C114,武器!$1:$998,COLUMN($O$1),FALSE)*VLOOKUP($D114,素材!$1:$1016,COLUMN($E$1),FALSE)/(LEN(VLOOKUP($D114,素材!$1:$1016,COLUMN($F$1),FALSE)) - LEN(SUBSTITUTE(VLOOKUP($D114,素材!$1:$1016,COLUMN($F$1),FALSE), "・", 0)) + 1), 0) -> 0 | CL114: =SUM(G114:I114) -> 27 | CM114: =IF(E114="武器",IF(J114-1>SUM(G114:I114),"盾",IF(MAX(G114:I114)=G114,"切断",IF(MAX(G114:I114)=H114,"貫通",IF(MAX(G114:I114)=I114,"打撃","射撃")))),E114)&".webp" -> 足.webp | CN114: =IFERROR(VLOOKUP($C114,武器!$1:$998,COLUMN(V$1),FALSE)*VLOOKUP($D114,素材!$1:$1016,COLUMN(N$1),FALSE)+IF(CI114="",0,VLOOKUP($CI114,装強!$1:$1008,COLUMN($CK$1),FALSE)),"") -> 450 | CO114: =VLOOKUP(D114,素材!$A:$O,COLUMN(素材!O$1),FALSE) -> 鍛えられた鉄。硬度が高く安価なためよく使用される。 | CP114: =VLOOKUP(C114,武器!$A:$W,COLUMN(武器!W$1),FALSE) -> 速度 隠密 軽業 体幹 | CR114: ="e_"&ROW(CR114) -> e_114 | CS114: =CN114*100 -> 45000
A115: =D115&"の"&C115 -> の | B115: =IFERROR(VLOOKUP($D115,素材!$1:$1016,COLUMN($B$1),FALSE)&"・"&VLOOKUP($C115,武器!$1:$998,COLUMN(B$1),FALSE),"") | E115: =IFERROR(VLOOKUP(C115,武器!$1:$998,COLUMN(C$1),FALSE),"") | F115: =IFERROR(ROUNDDOWN((VLOOKUP($C115,武器!$1:$998,COLUMN(D$1),FALSE)+IFERROR(VLOOKUP($CI115,装強!$1:$999,COLUMN(F$1),FALSE),0))*VLOOKUP($D115,素材!$1:$1016,COLUMN(D$1),FALSE),0),"") | G115: =IFERROR(ROUNDDOWN((VLOOKUP($C115,武器!$1:$998,COLUMN(E$1),FALSE)+IFERROR(VLOOKUP($CI115,装強!$1:$999,COLUMN(G$1),FALSE),0))*VLOOKUP($D115,素材!$1:$1016,COLUMN($E$1),FALSE),0),"") | H115: =IFERROR(ROUNDDOWN((VLOOKUP($C115,武器!$1:$998,COLUMN(F$1),FALSE)+IFERROR(VLOOKUP($CI115,装強!$1:$999,COLUMN(H$1),FALSE),0))*VLOOKUP($D115,素材!$1:$1016,COLUMN($E$1),FALSE),0),"") | I115: =IFERROR(ROUNDDOWN((VLOOKUP($C115,武器!$1:$998,COLUMN(G$1),FALSE)+IFERROR(VLOOKUP($CI115,装強!$1:$999,COLUMN(I$1),FALSE),0))*VLOOKUP($D115,素材!$1:$1016,COLUMN($E$1),FALSE),0),"") | J115: =IFERROR(ROUNDDOWN((VLOOKUP($C115,武器!$1:$998,COLUMN(H$1),FALSE)+IFERROR(VLOOKUP($CI115,装強!$1:$999,COLUMN(J$1),FALSE),0))*VLOOKUP($D115,素材!$1:$1016,COLUMN($E$1),FALSE),0),"") | K115: =IFERROR(ROUNDDOWN((VLOOKUP($C115,武器!$1:$998,COLUMN(I$1),FALSE)+IFERROR(VLOOKUP($CI115,装強!$1:$999,COLUMN(K$1),FALSE),0))*VLOOKUP($D115,素材!$1:$1016,COLUMN($E$1),FALSE),0),"") | L115: =IFERROR(VLOOKUP($D115,素材!$1:$1016,COLUMN($F$1),FALSE),"") | M115: =IFERROR(VLOOKUP($C115,武器!$1:$998,COLUMN(AA$1),FALSE)*VLOOKUP($D115,素材!$1:$1016,COLUMN($G$1),FALSE),"") | N115: =IFERROR(VLOOKUP($C115,武器!$1:$998,COLUMN(I$1),FALSE),"") | O115: =IFERROR((VLOOKUP($C115,武器!$1:$998,COLUMN(K$1),FALSE)+VLOOKUP($D115,素材!$1:$1016,COLUMN(H$1),FALSE))*100+IFERROR(VLOOKUP($CI115,装強!$1:$999,COLUMN(O$1),FALSE),0),"") | P115: =IFERROR((VLOOKUP($C115,武器!$1:$998,COLUMN(L$1),FALSE)+VLOOKUP($D115,素材!$1:$1016,COLUMN(I$1),FALSE))*100+IFERROR(VLOOKUP($CI115,装強!$1:$999,COLUMN(P$1),FALSE),0),"") | Q115: =IFERROR(ROUNDUP(VLOOKUP($C115,武器!$1:$998,COLUMN(M$1),FALSE)*(VLOOKUP($D115,素材!$1:$1002,COLUMN(D$1),FALSE)/100),1),"") | R115: =IFERROR(ROUNDUP(VLOOKUP($C115,武器!$1:$998,COLUMN(N$1),FALSE)*(VLOOKUP($D115,素材!$1:$1002,COLUMN(D$1),FALSE)/100),1),"") | S115: =IFERROR(VLOOKUP($C115,武器!$1:$998,COLUMN(P$1),FALSE),"") | T115: =IFERROR(VLOOKUP($C115,武器!$1:$998,COLUMN(Q$1),FALSE),"") | U115: =IFERROR(VLOOKUP($C115,武器!$1:$998,COLUMN(R$1),FALSE),"") | V115: =IFERROR(VLOOKUP($C115,武器!$1:$998,COLUMN(Q$1),FALSE),"") | W115: =IFERROR(VLOOKUP($C115,武器!$1:$998,COLUMN(T$1),FALSE),"") | Y115: =IFERROR(VLOOKUP($C115,武器!$1:$998,COLUMN(U$1),FALSE),"") | Z115: =IFERROR(ROUNDUP(VLOOKUP($C115,武器!$1:$998,COLUMN(O$1),FALSE)*VLOOKUP($D115,素材!$1:$1016,COLUMN(E$1),FALSE),1),"") | AA115: =IF(ISNUMBER(SEARCH(SUBSTITUTE(AA$1,RIGHT(AA$1,2),""),VLOOKUP($D115,素材!$1:$1016,COLUMN($F$1),FALSE))),VLOOKUP($C115,武器!$1:$998,COLUMN($O$1),FALSE)*VLOOKUP($D115,素材!$1:$1016,COLUMN($E$1),FALSE)/(LEN(VLOOKUP($D115,素材!$1:$1016,COLUMN($F$1),FALSE)) - LEN(SUBSTITUTE(VLOOKUP($D115,素材!$1:$1016,COLUMN($F$1),FALSE), "・", 0)) + 1), 0) -> 0 | AB115: =IF(ISNUMBER(SEARCH(SUBSTITUTE(AB$1,RIGHT(AB$1,2),""),VLOOKUP($D115,素材!$1:$1016,COLUMN($F$1),FALSE))),VLOOKUP($C115,武器!$1:$998,COLUMN($O$1),FALSE)*VLOOKUP($D115,素材!$1:$1016,COLUMN($E$1),FALSE)/(LEN(VLOOKUP($D115,素材!$1:$1016,COLUMN($F$1),FALSE)) - LEN(SUBSTITUTE(VLOOKUP($D115,素材!$1:$1016,COLUMN($F$1),FALSE), "・", 0)) + 1), 0) -> 0 | AC115: =IF(ISNUMBER(SEARCH(SUBSTITUTE(AC$1,RIGHT(AC$1,2),""),VLOOKUP($D115,素材!$1:$1016,COLUMN($F$1),FALSE))),VLOOKUP($C115,武器!$1:$998,COLUMN($O$1),FALSE)*VLOOKUP($D115,素材!$1:$1016,COLUMN($E$1),FALSE)/(LEN(VLOOKUP($D115,素材!$1:$1016,COLUMN($F$1),FALSE)) - LEN(SUBSTITUTE(VLOOKUP($D115,素材!$1:$1016,COLUMN($F$1),FALSE), "・", 0)) + 1), 0) -> 0 | AD115: =IF(ISNUMBER(SEARCH(SUBSTITUTE(AD$1,RIGHT(AD$1,2),""),VLOOKUP($D115,素材!$1:$1016,COLUMN($F$1),FALSE))),VLOOKUP($C115,武器!$1:$998,COLUMN($O$1),FALSE)*VLOOKUP($D115,素材!$1:$1016,COLUMN($E$1),FALSE)/(LEN(VLOOKUP($D115,素材!$1:$1016,COLUMN($F$1),FALSE)) - LEN(SUBSTITUTE(VLOOKUP($D115,素材!$1:$1016,COLUMN($F$1),FALSE), "・", 0)) + 1), 0) -> 0 | AE115: =IF(ISNUMBER(SEARCH(SUBSTITUTE(AE$1,RIGHT(AE$1,2),""),VLOOKUP($D115,素材!$1:$1016,COLUMN($F$1),FALSE))),VLOOKUP($C115,武器!$1:$998,COLUMN($O$1),FALSE)*VLOOKUP($D115,素材!$1:$1016,COLUMN($E$1),FALSE)/(LEN(VLOOKUP($D115,素材!$1:$1016,COLUMN($F$1),FALSE)) - LEN(SUBSTITUTE(VLOOKUP($D115,素材!$1:$1016,COLUMN($F$1),FALSE), "・", 0)) + 1), 0) -> 0 | AF115: =IF(ISNUMBER(SEARCH(SUBSTITUTE(AF$1,RIGHT(AF$1,2),""),VLOOKUP($D115,素材!$1:$1016,COLUMN($F$1),FALSE))),VLOOKUP($C115,武器!$1:$998,COLUMN($O$1),FALSE)*VLOOKUP($D115,素材!$1:$1016,COLUMN($E$1),FALSE)/(LEN(VLOOKUP($D115,素材!$1:$1016,COLUMN($F$1),FALSE)) - LEN(SUBSTITUTE(VLOOKUP($D115,素材!$1:$1016,COLUMN($F$1),FALSE), "・", 0)) + 1), 0) -> 0 | AG115: =IF(ISNUMBER(SEARCH(SUBSTITUTE(AG$1,RIGHT(AG$1,2),""),VLOOKUP($D115,素材!$1:$1016,COLUMN($F$1),FALSE))),VLOOKUP($C115,武器!$1:$998,COLUMN($O$1),FALSE)*VLOOKUP($D115,素材!$1:$1016,COLUMN($E$1),FALSE)/(LEN(VLOOKUP($D115,素材!$1:$1016,COLUMN($F$1),FALSE)) - LEN(SUBSTITUTE(VLOOKUP($D115,素材!$1:$1016,COLUMN($F$1),FALSE), "・", 0)) + 1), 0) -> 0 | AH115: =IF(ISNUMBER(SEARCH(SUBSTITUTE(AH$1,RIGHT(AH$1,2),""),VLOOKUP($D115,素材!$1:$1016,COLUMN($F$1),FALSE))),VLOOKUP($C115,武器!$1:$998,COLUMN($O$1),FALSE)*VLOOKUP($D115,素材!$1:$1016,COLUMN($E$1),FALSE)/(LEN(VLOOKUP($D115,素材!$1:$1016,COLUMN($F$1),FALSE)) - LEN(SUBSTITUTE(VLOOKUP($D115,素材!$1:$1016,COLUMN($F$1),FALSE), "・", 0)) + 1), 0) -> 0 | ... BE115: =IF(ISNUMBER(SEARCH(SUBSTITUTE(BE$1,RIGHT(BE$1,2),""),VLOOKUP($D115,素材!$1:$1016,COLUMN($F$1),FALSE))),VLOOKUP($C115,武器!$1:$998,COLUMN($O$1),FALSE)*VLOOKUP($D115,素材!$1:$1016,COLUMN($E$1),FALSE)/(LEN(VLOOKUP($D115,素材!$1:$1016,COLUMN($F$1),FALSE)) - LEN(SUBSTITUTE(VLOOKUP($D115,素材!$1:$1016,COLUMN($F$1),FALSE), "・", 0)) + 1), 0) -> 0 | CL115: =SUM(G115:I115) -> 0 | CM115: =IF(E115="武器",IF(J115-1>SUM(G115:I115),"盾",IF(MAX(G115:I115)=G115,"切断",IF(MAX(G115:I115)=H115,"貫通",IF(MAX(G115:I115)=I115,"打撃","射撃")))),E115)&".webp" -> .webp | CN115: =IFERROR(VLOOKUP($C115,武器!$1:$998,COLUMN(V$1),FALSE)*VLOOKUP($D115,素材!$1:$1016,COLUMN(N$1),FALSE)+IF(CI115="",0,VLOOKUP($CI115,装強!$1:$1008,COLUMN($CK$1),FALSE)),"") | CO115: =VLOOKUP(D115,素材!$A:$O,COLUMN(素材!O$1),FALSE) -> #N/A | CP115: =VLOOKUP(C115,武器!$A:$W,COLUMN(武器!W$1),FALSE) -> #N/A | CR115: ="e_"&ROW(CR115) -> e_115 | CS115: =CN115*100 -> #VALUE!
A116: =D116&"の"&C116 -> 皮の帽子 | B116: =IFERROR(VLOOKUP($D116,素材!$1:$1016,COLUMN($B$1),FALSE)&"・"&VLOOKUP($C116,武器!$1:$998,COLUMN(B$1),FALSE),"") -> レザー・ハット | C116: 帽子 | D116: 皮 | E116: =IFERROR(VLOOKUP(C116,武器!$1:$998,COLUMN(C$1),FALSE),"") -> 頭 | F116: =IFERROR(ROUNDDOWN((VLOOKUP($C116,武器!$1:$998,COLUMN(D$1),FALSE)+IFERROR(VLOOKUP($CI116,装強!$1:$999,COLUMN(F$1),FALSE),0))*VLOOKUP($D116,素材!$1:$1016,COLUMN(D$1),FALSE),0),"") -> 0 | G116: =IFERROR(ROUNDDOWN((VLOOKUP($C116,武器!$1:$998,COLUMN(E$1),FALSE)+IFERROR(VLOOKUP($CI116,装強!$1:$999,COLUMN(G$1),FALSE),0))*VLOOKUP($D116,素材!$1:$1016,COLUMN($E$1),FALSE),0),"") -> 0 | H116: =IFERROR(ROUNDDOWN((VLOOKUP($C116,武器!$1:$998,COLUMN(F$1),FALSE)+IFERROR(VLOOKUP($CI116,装強!$1:$999,COLUMN(H$1),FALSE),0))*VLOOKUP($D116,素材!$1:$1016,COLUMN($E$1),FALSE),0),"") -> 0 | I116: =IFERROR(ROUNDDOWN((VLOOKUP($C116,武器!$1:$998,COLUMN(G$1),FALSE)+IFERROR(VLOOKUP($CI116,装強!$1:$999,COLUMN(I$1),FALSE),0))*VLOOKUP($D116,素材!$1:$1016,COLUMN($E$1),FALSE),0),"") -> 0 | J116: =IFERROR(ROUNDDOWN((VLOOKUP($C116,武器!$1:$998,COLUMN(H$1),FALSE)+IFERROR(VLOOKUP($CI116,装強!$1:$999,COLUMN(J$1),FALSE),0))*VLOOKUP($D116,素材!$1:$1016,COLUMN($E$1),FALSE),0),"") -> 0 | K116: =IFERROR(ROUNDDOWN((VLOOKUP($C116,武器!$1:$998,COLUMN(I$1),FALSE)+IFERROR(VLOOKUP($CI116,装強!$1:$999,COLUMN(K$1),FALSE),0))*VLOOKUP($D116,素材!$1:$1016,COLUMN($E$1),FALSE),0),"") -> 0 | L116: =IFERROR(VLOOKUP($D116,素材!$1:$1016,COLUMN($F$1),FALSE),"") -> - | M116: =IFERROR(VLOOKUP($C116,武器!$1:$998,COLUMN(AA$1),FALSE)*VLOOKUP($D116,素材!$1:$1016,COLUMN($G$1),FALSE),"") | N116: =IFERROR(VLOOKUP($C116,武器!$1:$998,COLUMN(I$1),FALSE),"") -> 0 | O116: =IFERROR((VLOOKUP($C116,武器!$1:$998,COLUMN(K$1),FALSE)+VLOOKUP($D116,素材!$1:$1016,COLUMN(H$1),FALSE))*100+IFERROR(VLOOKUP($CI116,装強!$1:$999,COLUMN(O$1),FALSE),0),"") | P116: =IFERROR((VLOOKUP($C116,武器!$1:$998,COLUMN(L$1),FALSE)+VLOOKUP($D116,素材!$1:$1016,COLUMN(I$1),FALSE))*100+IFERROR(VLOOKUP($CI116,装強!$1:$999,COLUMN(P$1),FALSE),0),"") | Q116: =IFERROR(ROUNDUP(VLOOKUP($C116,武器!$1:$998,COLUMN(M$1),FALSE)*(VLOOKUP($D116,素材!$1:$1002,COLUMN(D$1),FALSE)/100),1),"") -> 0 | R116: =IFERROR(ROUNDUP(VLOOKUP($C116,武器!$1:$998,COLUMN(N$1),FALSE)*(VLOOKUP($D116,素材!$1:$1002,COLUMN(D$1),FALSE)/100),1),"") -> 0 | S116: =IFERROR(VLOOKUP($C116,武器!$1:$998,COLUMN(P$1),FALSE),"") -> 0 | T116: =IFERROR(VLOOKUP($C116,武器!$1:$998,COLUMN(Q$1),FALSE),"") -> 0 | U116: =IFERROR(VLOOKUP($C116,武器!$1:$998,COLUMN(R$1),FALSE),"") -> 0 | V116: =IFERROR(VLOOKUP($C116,武器!$1:$998,COLUMN(Q$1),FALSE),"") -> 0 | W116: =IFERROR(VLOOKUP($C116,武器!$1:$998,COLUMN(T$1),FALSE),"") -> 0 | Y116: =IFERROR(VLOOKUP($C116,武器!$1:$998,COLUMN(U$1),FALSE),"") -> 0 | Z116: =IFERROR(ROUNDUP(VLOOKUP($C116,武器!$1:$998,COLUMN(O$1),FALSE)*VLOOKUP($D116,素材!$1:$1016,COLUMN(E$1),FALSE),1),"") -> 1 | AA116: =IF(ISNUMBER(SEARCH(SUBSTITUTE(AA$1,RIGHT(AA$1,2),""),VLOOKUP($D116,素材!$1:$1016,COLUMN($F$1),FALSE))),VLOOKUP($C116,武器!$1:$998,COLUMN($O$1),FALSE)*VLOOKUP($D116,素材!$1:$1016,COLUMN($E$1),FALSE)/(LEN(VLOOKUP($D116,素材!$1:$1016,COLUMN($F$1),FALSE)) - LEN(SUBSTITUTE(VLOOKUP($D116,素材!$1:$1016,COLUMN($F$1),FALSE), "・", 0)) + 1), 0) -> 0 | AB116: =IF(ISNUMBER(SEARCH(SUBSTITUTE(AB$1,RIGHT(AB$1,2),""),VLOOKUP($D116,素材!$1:$1016,COLUMN($F$1),FALSE))),VLOOKUP($C116,武器!$1:$998,COLUMN($O$1),FALSE)*VLOOKUP($D116,素材!$1:$1016,COLUMN($E$1),FALSE)/(LEN(VLOOKUP($D116,素材!$1:$1016,COLUMN($F$1),FALSE)) - LEN(SUBSTITUTE(VLOOKUP($D116,素材!$1:$1016,COLUMN($F$1),FALSE), "・", 0)) + 1), 0) -> 0 | AC116: =IF(ISNUMBER(SEARCH(SUBSTITUTE(AC$1,RIGHT(AC$1,2),""),VLOOKUP($D116,素材!$1:$1016,COLUMN($F$1),FALSE))),VLOOKUP($C116,武器!$1:$998,COLUMN($O$1),FALSE)*VLOOKUP($D116,素材!$1:$1016,COLUMN($E$1),FALSE)/(LEN(VLOOKUP($D116,素材!$1:$1016,COLUMN($F$1),FALSE)) - LEN(SUBSTITUTE(VLOOKUP($D116,素材!$1:$1016,COLUMN($F$1),FALSE), "・", 0)) + 1), 0) -> 0 | AD116: =IF(ISNUMBER(SEARCH(SUBSTITUTE(AD$1,RIGHT(AD$1,2),""),VLOOKUP($D116,素材!$1:$1016,COLUMN($F$1),FALSE))),VLOOKUP($C116,武器!$1:$998,COLUMN($O$1),FALSE)*VLOOKUP($D116,素材!$1:$1016,COLUMN($E$1),FALSE)/(LEN(VLOOKUP($D116,素材!$1:$1016,COLUMN($F$1),FALSE)) - LEN(SUBSTITUTE(VLOOKUP($D116,素材!$1:$1016,COLUMN($F$1),FALSE), "・", 0)) + 1), 0) -> 0 | AE116: =IF(ISNUMBER(SEARCH(SUBSTITUTE(AE$1,RIGHT(AE$1,2),""),VLOOKUP($D116,素材!$1:$1016,COLUMN($F$1),FALSE))),VLOOKUP($C116,武器!$1:$998,COLUMN($O$1),FALSE)*VLOOKUP($D116,素材!$1:$1016,COLUMN($E$1),FALSE)/(LEN(VLOOKUP($D116,素材!$1:$1016,COLUMN($F$1),FALSE)) - LEN(SUBSTITUTE(VLOOKUP($D116,素材!$1:$1016,COLUMN($F$1),FALSE), "・", 0)) + 1), 0) -> 0 | AF116: =IF(ISNUMBER(SEARCH(SUBSTITUTE(AF$1,RIGHT(AF$1,2),""),VLOOKUP($D116,素材!$1:$1016,COLUMN($F$1),FALSE))),VLOOKUP($C116,武器!$1:$998,COLUMN($O$1),FALSE)*VLOOKUP($D116,素材!$1:$1016,COLUMN($E$1),FALSE)/(LEN(VLOOKUP($D116,素材!$1:$1016,COLUMN($F$1),FALSE)) - LEN(SUBSTITUTE(VLOOKUP($D116,素材!$1:$1016,COLUMN($F$1),FALSE), "・", 0)) + 1), 0) -> 0 | AG116: =IF(ISNUMBER(SEARCH(SUBSTITUTE(AG$1,RIGHT(AG$1,2),""),VLOOKUP($D116,素材!$1:$1016,COLUMN($F$1),FALSE))),VLOOKUP($C116,武器!$1:$998,COLUMN($O$1),FALSE)*VLOOKUP($D116,素材!$1:$1016,COLUMN($E$1),FALSE)/(LEN(VLOOKUP($D116,素材!$1:$1016,COLUMN($F$1),FALSE)) - LEN(SUBSTITUTE(VLOOKUP($D116,素材!$1:$1016,COLUMN($F$1),FALSE), "・", 0)) + 1), 0) -> 0 | AH116: =IF(ISNUMBER(SEARCH(SUBSTITUTE(AH$1,RIGHT(AH$1,2),""),VLOOKUP($D116,素材!$1:$1016,COLUMN($F$1),FALSE))),VLOOKUP($C116,武器!$1:$998,COLUMN($O$1),FALSE)*VLOOKUP($D116,素材!$1:$1016,COLUMN($E$1),FALSE)/(LEN(VLOOKUP($D116,素材!$1:$1016,COLUMN($F$1),FALSE)) - LEN(SUBSTITUTE(VLOOKUP($D116,素材!$1:$1016,COLUMN($F$1),FALSE), "・", 0)) + 1), 0) -> 0 | ... BE116: =IF(ISNUMBER(SEARCH(SUBSTITUTE(BE$1,RIGHT(BE$1,2),""),VLOOKUP($D116,素材!$1:$1016,COLUMN($F$1),FALSE))),VLOOKUP($C116,武器!$1:$998,COLUMN($O$1),FALSE)*VLOOKUP($D116,素材!$1:$1016,COLUMN($E$1),FALSE)/(LEN(VLOOKUP($D116,素材!$1:$1016,COLUMN($F$1),FALSE)) - LEN(SUBSTITUTE(VLOOKUP($D116,素材!$1:$1016,COLUMN($F$1),FALSE), "・", 0)) + 1), 0) -> 0 | CL116: =SUM(G116:I116) -> 0 | CM116: =IF(E116="武器",IF(J116-1>SUM(G116:I116),"盾",IF(MAX(G116:I116)=G116,"切断",IF(MAX(G116:I116)=H116,"貫通",IF(MAX(G116:I116)=I116,"打撃","射撃")))),E116)&".webp" -> 頭.webp | CN116: =IFERROR(VLOOKUP($C116,武器!$1:$998,COLUMN(V$1),FALSE)*VLOOKUP($D116,素材!$1:$1016,COLUMN(N$1),FALSE)+IF(CI116="",0,VLOOKUP($CI116,装強!$1:$1008,COLUMN($CK$1),FALSE)),"") -> 100 | CO116: =VLOOKUP(D116,素材!$A:$O,COLUMN(素材!O$1),FALSE) -> 一般的な皮素材で、防具や軽量装備の材料として最適です。耐久性は高くありませんが、軽量で扱いやすい点が特徴です。 | CP116: =VLOOKUP(C116,武器!$A:$W,COLUMN(武器!W$1),FALSE) -> 命中 魔防 Cr | CR116: ="e_"&ROW(CR116) -> e_116 | CS116: =CN116*100 -> 10000
A117: =D117&"の"&C117 -> 皮の衣布 | B117: =IFERROR(VLOOKUP($D117,素材!$1:$1016,COLUMN($B$1),FALSE)&"・"&VLOOKUP($C117,武器!$1:$998,COLUMN(B$1),FALSE),"") -> レザー・クロース | C117: 衣布 | D117: 皮 | E117: =IFERROR(VLOOKUP(C117,武器!$1:$998,COLUMN(C$1),FALSE),"") -> 体 | F117: =IFERROR(ROUNDDOWN((VLOOKUP($C117,武器!$1:$998,COLUMN(D$1),FALSE)+IFERROR(VLOOKUP($CI117,装強!$1:$999,COLUMN(F$1),FALSE),0))*VLOOKUP($D117,素材!$1:$1016,COLUMN(D$1),FALSE),0),"") -> 0 | G117: =IFERROR(ROUNDDOWN((VLOOKUP($C117,武器!$1:$998,COLUMN(E$1),FALSE)+IFERROR(VLOOKUP($CI117,装強!$1:$999,COLUMN(G$1),FALSE),0))*VLOOKUP($D117,素材!$1:$1016,COLUMN($E$1),FALSE),0),"") -> 0 | H117: =IFERROR(ROUNDDOWN((VLOOKUP($C117,武器!$1:$998,COLUMN(F$1),FALSE)+IFERROR(VLOOKUP($CI117,装強!$1:$999,COLUMN(H$1),FALSE),0))*VLOOKUP($D117,素材!$1:$1016,COLUMN($E$1),FALSE),0),"") -> 0 | I117: =IFERROR(ROUNDDOWN((VLOOKUP($C117,武器!$1:$998,COLUMN(G$1),FALSE)+IFERROR(VLOOKUP($CI117,装強!$1:$999,COLUMN(I$1),FALSE),0))*VLOOKUP($D117,素材!$1:$1016,COLUMN($E$1),FALSE),0),"") -> 0 | J117: =IFERROR(ROUNDDOWN((VLOOKUP($C117,武器!$1:$998,COLUMN(H$1),FALSE)+IFERROR(VLOOKUP($CI117,装強!$1:$999,COLUMN(J$1),FALSE),0))*VLOOKUP($D117,素材!$1:$1016,COLUMN($E$1),FALSE),0),"") -> 0 | K117: =IFERROR(ROUNDDOWN((VLOOKUP($C117,武器!$1:$998,COLUMN(I$1),FALSE)+IFERROR(VLOOKUP($CI117,装強!$1:$999,COLUMN(K$1),FALSE),0))*VLOOKUP($D117,素材!$1:$1016,COLUMN($E$1),FALSE),0),"") -> 0 | L117: =IFERROR(VLOOKUP($D117,素材!$1:$1016,COLUMN($F$1),FALSE),"") -> - | M117: =IFERROR(VLOOKUP($C117,武器!$1:$998,COLUMN(AA$1),FALSE)*VLOOKUP($D117,素材!$1:$1016,COLUMN($G$1),FALSE),"") | N117: =IFERROR(VLOOKUP($C117,武器!$1:$998,COLUMN(I$1),FALSE),"") -> 0 | O117: =IFERROR((VLOOKUP($C117,武器!$1:$998,COLUMN(K$1),FALSE)+VLOOKUP($D117,素材!$1:$1016,COLUMN(H$1),FALSE))*100+IFERROR(VLOOKUP($CI117,装強!$1:$999,COLUMN(O$1),FALSE),0),"") | P117: =IFERROR((VLOOKUP($C117,武器!$1:$998,COLUMN(L$1),FALSE)+VLOOKUP($D117,素材!$1:$1016,COLUMN(I$1),FALSE))*100+IFERROR(VLOOKUP($CI117,装強!$1:$999,COLUMN(P$1),FALSE),0),"") | Q117: =IFERROR(ROUNDUP(VLOOKUP($C117,武器!$1:$998,COLUMN(M$1),FALSE)*(VLOOKUP($D117,素材!$1:$1002,COLUMN(D$1),FALSE)/100),1),"") -> 0 | R117: =IFERROR(ROUNDUP(VLOOKUP($C117,武器!$1:$998,COLUMN(N$1),FALSE)*(VLOOKUP($D117,素材!$1:$1002,COLUMN(D$1),FALSE)/100),1),"") -> 0 | S117: =IFERROR(VLOOKUP($C117,武器!$1:$998,COLUMN(P$1),FALSE),"") -> 0 | T117: =IFERROR(VLOOKUP($C117,武器!$1:$998,COLUMN(Q$1),FALSE),"") -> 0 | U117: =IFERROR(VLOOKUP($C117,武器!$1:$998,COLUMN(R$1),FALSE),"") -> 0 | V117: =IFERROR(VLOOKUP($C117,武器!$1:$998,COLUMN(Q$1),FALSE),"") -> 0 | W117: =IFERROR(VLOOKUP($C117,武器!$1:$998,COLUMN(T$1),FALSE),"") -> 0 | Y117: =IFERROR(VLOOKUP($C117,武器!$1:$998,COLUMN(U$1),FALSE),"") -> 0 | Z117: =IFERROR(ROUNDUP(VLOOKUP($C117,武器!$1:$998,COLUMN(O$1),FALSE)*VLOOKUP($D117,素材!$1:$1016,COLUMN(E$1),FALSE),1),"") -> 3 | AA117: =IF(ISNUMBER(SEARCH(SUBSTITUTE(AA$1,RIGHT(AA$1,2),""),VLOOKUP($D117,素材!$1:$1016,COLUMN($F$1),FALSE))),VLOOKUP($C117,武器!$1:$998,COLUMN($O$1),FALSE)*VLOOKUP($D117,素材!$1:$1016,COLUMN($E$1),FALSE)/(LEN(VLOOKUP($D117,素材!$1:$1016,COLUMN($F$1),FALSE)) - LEN(SUBSTITUTE(VLOOKUP($D117,素材!$1:$1016,COLUMN($F$1),FALSE), "・", 0)) + 1), 0) -> 0 | AB117: =IF(ISNUMBER(SEARCH(SUBSTITUTE(AB$1,RIGHT(AB$1,2),""),VLOOKUP($D117,素材!$1:$1016,COLUMN($F$1),FALSE))),VLOOKUP($C117,武器!$1:$998,COLUMN($O$1),FALSE)*VLOOKUP($D117,素材!$1:$1016,COLUMN($E$1),FALSE)/(LEN(VLOOKUP($D117,素材!$1:$1016,COLUMN($F$1),FALSE)) - LEN(SUBSTITUTE(VLOOKUP($D117,素材!$1:$1016,COLUMN($F$1),FALSE), "・", 0)) + 1), 0) -> 0 | AC117: =IF(ISNUMBER(SEARCH(SUBSTITUTE(AC$1,RIGHT(AC$1,2),""),VLOOKUP($D117,素材!$1:$1016,COLUMN($F$1),FALSE))),VLOOKUP($C117,武器!$1:$998,COLUMN($O$1),FALSE)*VLOOKUP($D117,素材!$1:$1016,COLUMN($E$1),FALSE)/(LEN(VLOOKUP($D117,素材!$1:$1016,COLUMN($F$1),FALSE)) - LEN(SUBSTITUTE(VLOOKUP($D117,素材!$1:$1016,COLUMN($F$1),FALSE), "・", 0)) + 1), 0) -> 0 | AD117: =IF(ISNUMBER(SEARCH(SUBSTITUTE(AD$1,RIGHT(AD$1,2),""),VLOOKUP($D117,素材!$1:$1016,COLUMN($F$1),FALSE))),VLOOKUP($C117,武器!$1:$998,COLUMN($O$1),FALSE)*VLOOKUP($D117,素材!$1:$1016,COLUMN($E$1),FALSE)/(LEN(VLOOKUP($D117,素材!$1:$1016,COLUMN($F$1),FALSE)) - LEN(SUBSTITUTE(VLOOKUP($D117,素材!$1:$1016,COLUMN($F$1),FALSE), "・", 0)) + 1), 0) -> 0 | AE117: =IF(ISNUMBER(SEARCH(SUBSTITUTE(AE$1,RIGHT(AE$1,2),""),VLOOKUP($D117,素材!$1:$1016,COLUMN($F$1),FALSE))),VLOOKUP($C117,武器!$1:$998,COLUMN($O$1),FALSE)*VLOOKUP($D117,素材!$1:$1016,COLUMN($E$1),FALSE)/(LEN(VLOOKUP($D117,素材!$1:$1016,COLUMN($F$1),FALSE)) - LEN(SUBSTITUTE(VLOOKUP($D117,素材!$1:$1016,COLUMN($F$1),FALSE), "・", 0)) + 1), 0) -> 0 | AF117: =IF(ISNUMBER(SEARCH(SUBSTITUTE(AF$1,RIGHT(AF$1,2),""),VLOOKUP($D117,素材!$1:$1016,COLUMN($F$1),FALSE))),VLOOKUP($C117,武器!$1:$998,COLUMN($O$1),FALSE)*VLOOKUP($D117,素材!$1:$1016,COLUMN($E$1),FALSE)/(LEN(VLOOKUP($D117,素材!$1:$1016,COLUMN($F$1),FALSE)) - LEN(SUBSTITUTE(VLOOKUP($D117,素材!$1:$1016,COLUMN($F$1),FALSE), "・", 0)) + 1), 0) -> 0 | AG117: =IF(ISNUMBER(SEARCH(SUBSTITUTE(AG$1,RIGHT(AG$1,2),""),VLOOKUP($D117,素材!$1:$1016,COLUMN($F$1),FALSE))),VLOOKUP($C117,武器!$1:$998,COLUMN($O$1),FALSE)*VLOOKUP($D117,素材!$1:$1016,COLUMN($E$1),FALSE)/(LEN(VLOOKUP($D117,素材!$1:$1016,COLUMN($F$1),FALSE)) - LEN(SUBSTITUTE(VLOOKUP($D117,素材!$1:$1016,COLUMN($F$1),FALSE), "・", 0)) + 1), 0) -> 0 | AH117: =IF(ISNUMBER(SEARCH(SUBSTITUTE(AH$1,RIGHT(AH$1,2),""),VLOOKUP($D117,素材!$1:$1016,COLUMN($F$1),FALSE))),VLOOKUP($C117,武器!$1:$998,COLUMN($O$1),FALSE)*VLOOKUP($D117,素材!$1:$1016,COLUMN($E$1),FALSE)/(LEN(VLOOKUP($D117,素材!$1:$1016,COLUMN($F$1),FALSE)) - LEN(SUBSTITUTE(VLOOKUP($D117,素材!$1:$1016,COLUMN($F$1),FALSE), "・", 0)) + 1), 0) -> 0 | ... BE117: =IF(ISNUMBER(SEARCH(SUBSTITUTE(BE$1,RIGHT(BE$1,2),""),VLOOKUP($D117,素材!$1:$1016,COLUMN($F$1),FALSE))),VLOOKUP($C117,武器!$1:$998,COLUMN($O$1),FALSE)*VLOOKUP($D117,素材!$1:$1016,COLUMN($E$1),FALSE)/(LEN(VLOOKUP($D117,素材!$1:$1016,COLUMN($F$1),FALSE)) - LEN(SUBSTITUTE(VLOOKUP($D117,素材!$1:$1016,COLUMN($F$1),FALSE), "・", 0)) + 1), 0) -> 0 | CL117: =SUM(G117:I117) -> 0 | CM117: =IF(E117="武器",IF(J117-1>SUM(G117:I117),"盾",IF(MAX(G117:I117)=G117,"切断",IF(MAX(G117:I117)=H117,"貫通",IF(MAX(G117:I117)=I117,"打撃","射撃")))),E117)&".webp" -> 体.webp | CN117: =IFERROR(VLOOKUP($C117,武器!$1:$998,COLUMN(V$1),FALSE)*VLOOKUP($D117,素材!$1:$1016,COLUMN(N$1),FALSE)+IF(CI117="",0,VLOOKUP($CI117,装強!$1:$1008,COLUMN($CK$1),FALSE)),"") -> 200 | CO117: =VLOOKUP(D117,素材!$A:$O,COLUMN(素材!O$1),FALSE) -> 一般的な皮素材で、防具や軽量装備の材料として最適です。耐久性は高くありませんが、軽量で扱いやすい点が特徴です。 | CP117: =VLOOKUP(C117,武器!$A:$W,COLUMN(武器!W$1),FALSE) -> HP 物理 魔法 体幹 出血 疲労 Cr | CR117: ="e_"&ROW(CR117) -> e_117 | CS117: =CN117*100 -> 20000
A118: =D118&"の"&C118 -> 皮の法衣 | B118: =IFERROR(VLOOKUP($D118,素材!$1:$1016,COLUMN($B$1),FALSE)&"・"&VLOOKUP($C118,武器!$1:$998,COLUMN(B$1),FALSE),"") -> レザー・ローブ | C118: 法衣 | D118: 皮 | E118: =IFERROR(VLOOKUP(C118,武器!$1:$998,COLUMN(C$1),FALSE),"") -> 体 | F118: =IFERROR(ROUNDDOWN((VLOOKUP($C118,武器!$1:$998,COLUMN(D$1),FALSE)+IFERROR(VLOOKUP($CI118,装強!$1:$999,COLUMN(F$1),FALSE),0))*VLOOKUP($D118,素材!$1:$1016,COLUMN(D$1),FALSE),0),"") -> 0 | G118: =IFERROR(ROUNDDOWN((VLOOKUP($C118,武器!$1:$998,COLUMN(E$1),FALSE)+IFERROR(VLOOKUP($CI118,装強!$1:$999,COLUMN(G$1),FALSE),0))*VLOOKUP($D118,素材!$1:$1016,COLUMN($E$1),FALSE),0),"") -> 0 | H118: =IFERROR(ROUNDDOWN((VLOOKUP($C118,武器!$1:$998,COLUMN(F$1),FALSE)+IFERROR(VLOOKUP($CI118,装強!$1:$999,COLUMN(H$1),FALSE),0))*VLOOKUP($D118,素材!$1:$1016,COLUMN($E$1),FALSE),0),"") -> 0 | I118: =IFERROR(ROUNDDOWN((VLOOKUP($C118,武器!$1:$998,COLUMN(G$1),FALSE)+IFERROR(VLOOKUP($CI118,装強!$1:$999,COLUMN(I$1),FALSE),0))*VLOOKUP($D118,素材!$1:$1016,COLUMN($E$1),FALSE),0),"") -> 0 | J118: =IFERROR(ROUNDDOWN((VLOOKUP($C118,武器!$1:$998,COLUMN(H$1),FALSE)+IFERROR(VLOOKUP($CI118,装強!$1:$999,COLUMN(J$1),FALSE),0))*VLOOKUP($D118,素材!$1:$1016,COLUMN($E$1),FALSE),0),"") -> 0 | K118: =IFERROR(ROUNDDOWN((VLOOKUP($C118,武器!$1:$998,COLUMN(I$1),FALSE)+IFERROR(VLOOKUP($CI118,装強!$1:$999,COLUMN(K$1),FALSE),0))*VLOOKUP($D118,素材!$1:$1016,COLUMN($E$1),FALSE),0),"") -> 0 | L118: =IFERROR(VLOOKUP($D118,素材!$1:$1016,COLUMN($F$1),FALSE),"") -> - | M118: =IFERROR(VLOOKUP($C118,武器!$1:$998,COLUMN(AA$1),FALSE)*VLOOKUP($D118,素材!$1:$1016,COLUMN($G$1),FALSE),"") | N118: =IFERROR(VLOOKUP($C118,武器!$1:$998,COLUMN(I$1),FALSE),"") -> 0 | O118: =IFERROR((VLOOKUP($C118,武器!$1:$998,COLUMN(K$1),FALSE)+VLOOKUP($D118,素材!$1:$1016,COLUMN(H$1),FALSE))*100+IFERROR(VLOOKUP($CI118,装強!$1:$999,COLUMN(O$1),FALSE),0),"") | P118: =IFERROR((VLOOKUP($C118,武器!$1:$998,COLUMN(L$1),FALSE)+VLOOKUP($D118,素材!$1:$1016,COLUMN(I$1),FALSE))*100+IFERROR(VLOOKUP($CI118,装強!$1:$999,COLUMN(P$1),FALSE),0),"") | Q118: =IFERROR(ROUNDUP(VLOOKUP($C118,武器!$1:$998,COLUMN(M$1),FALSE)*(VLOOKUP($D118,素材!$1:$1002,COLUMN(D$1),FALSE)/100),1),"") -> 0 | R118: =IFERROR(ROUNDUP(VLOOKUP($C118,武器!$1:$998,COLUMN(N$1),FALSE)*(VLOOKUP($D118,素材!$1:$1002,COLUMN(D$1),FALSE)/100),1),"") -> 0 | S118: =IFERROR(VLOOKUP($C118,武器!$1:$998,COLUMN(P$1),FALSE),"") -> 0 | T118: =IFERROR(VLOOKUP($C118,武器!$1:$998,COLUMN(Q$1),FALSE),"") -> 0 | U118: =IFERROR(VLOOKUP($C118,武器!$1:$998,COLUMN(R$1),FALSE),"") -> 0 | V118: =IFERROR(VLOOKUP($C118,武器!$1:$998,COLUMN(Q$1),FALSE),"") -> 0 | W118: =IFERROR(VLOOKUP($C118,武器!$1:$998,COLUMN(T$1),FALSE),"") -> 0 | Y118: =IFERROR(VLOOKUP($C118,武器!$1:$998,COLUMN(U$1),FALSE),"") -> 0 | Z118: =IFERROR(ROUNDUP(VLOOKUP($C118,武器!$1:$998,COLUMN(O$1),FALSE)*VLOOKUP($D118,素材!$1:$1016,COLUMN(E$1),FALSE),1),"") -> 2 | AA118: =IF(ISNUMBER(SEARCH(SUBSTITUTE(AA$1,RIGHT(AA$1,2),""),VLOOKUP($D118,素材!$1:$1016,COLUMN($F$1),FALSE))),VLOOKUP($C118,武器!$1:$998,COLUMN($O$1),FALSE)*VLOOKUP($D118,素材!$1:$1016,COLUMN($E$1),FALSE)/(LEN(VLOOKUP($D118,素材!$1:$1016,COLUMN($F$1),FALSE)) - LEN(SUBSTITUTE(VLOOKUP($D118,素材!$1:$1016,COLUMN($F$1),FALSE), "・", 0)) + 1), 0) -> 0 | AB118: =IF(ISNUMBER(SEARCH(SUBSTITUTE(AB$1,RIGHT(AB$1,2),""),VLOOKUP($D118,素材!$1:$1016,COLUMN($F$1),FALSE))),VLOOKUP($C118,武器!$1:$998,COLUMN($O$1),FALSE)*VLOOKUP($D118,素材!$1:$1016,COLUMN($E$1),FALSE)/(LEN(VLOOKUP($D118,素材!$1:$1016,COLUMN($F$1),FALSE)) - LEN(SUBSTITUTE(VLOOKUP($D118,素材!$1:$1016,COLUMN($F$1),FALSE), "・", 0)) + 1), 0) -> 0 | AC118: =IF(ISNUMBER(SEARCH(SUBSTITUTE(AC$1,RIGHT(AC$1,2),""),VLOOKUP($D118,素材!$1:$1016,COLUMN($F$1),FALSE))),VLOOKUP($C118,武器!$1:$998,COLUMN($O$1),FALSE)*VLOOKUP($D118,素材!$1:$1016,COLUMN($E$1),FALSE)/(LEN(VLOOKUP($D118,素材!$1:$1016,COLUMN($F$1),FALSE)) - LEN(SUBSTITUTE(VLOOKUP($D118,素材!$1:$1016,COLUMN($F$1),FALSE), "・", 0)) + 1), 0) -> 0 | AD118: =IF(ISNUMBER(SEARCH(SUBSTITUTE(AD$1,RIGHT(AD$1,2),""),VLOOKUP($D118,素材!$1:$1016,COLUMN($F$1),FALSE))),VLOOKUP($C118,武器!$1:$998,COLUMN($O$1),FALSE)*VLOOKUP($D118,素材!$1:$1016,COLUMN($E$1),FALSE)/(LEN(VLOOKUP($D118,素材!$1:$1016,COLUMN($F$1),FALSE)) - LEN(SUBSTITUTE(VLOOKUP($D118,素材!$1:$1016,COLUMN($F$1),FALSE), "・", 0)) + 1), 0) -> 0 | AE118: =IF(ISNUMBER(SEARCH(SUBSTITUTE(AE$1,RIGHT(AE$1,2),""),VLOOKUP($D118,素材!$1:$1016,COLUMN($F$1),FALSE))),VLOOKUP($C118,武器!$1:$998,COLUMN($O$1),FALSE)*VLOOKUP($D118,素材!$1:$1016,COLUMN($E$1),FALSE)/(LEN(VLOOKUP($D118,素材!$1:$1016,COLUMN($F$1),FALSE)) - LEN(SUBSTITUTE(VLOOKUP($D118,素材!$1:$1016,COLUMN($F$1),FALSE), "・", 0)) + 1), 0) -> 0 | AF118: =IF(ISNUMBER(SEARCH(SUBSTITUTE(AF$1,RIGHT(AF$1,2),""),VLOOKUP($D118,素材!$1:$1016,COLUMN($F$1),FALSE))),VLOOKUP($C118,武器!$1:$998,COLUMN($O$1),FALSE)*VLOOKUP($D118,素材!$1:$1016,COLUMN($E$1),FALSE)/(LEN(VLOOKUP($D118,素材!$1:$1016,COLUMN($F$1),FALSE)) - LEN(SUBSTITUTE(VLOOKUP($D118,素材!$1:$1016,COLUMN($F$1),FALSE), "・", 0)) + 1), 0) -> 0 | AG118: =IF(ISNUMBER(SEARCH(SUBSTITUTE(AG$1,RIGHT(AG$1,2),""),VLOOKUP($D118,素材!$1:$1016,COLUMN($F$1),FALSE))),VLOOKUP($C118,武器!$1:$998,COLUMN($O$1),FALSE)*VLOOKUP($D118,素材!$1:$1016,COLUMN($E$1),FALSE)/(LEN(VLOOKUP($D118,素材!$1:$1016,COLUMN($F$1),FALSE)) - LEN(SUBSTITUTE(VLOOKUP($D118,素材!$1:$1016,COLUMN($F$1),FALSE), "・", 0)) + 1), 0) -> 0 | AH118: =IF(ISNUMBER(SEARCH(SUBSTITUTE(AH$1,RIGHT(AH$1,2),""),VLOOKUP($D118,素材!$1:$1016,COLUMN($F$1),FALSE))),VLOOKUP($C118,武器!$1:$998,COLUMN($O$1),FALSE)*VLOOKUP($D118,素材!$1:$1016,COLUMN($E$1),FALSE)/(LEN(VLOOKUP($D118,素材!$1:$1016,COLUMN($F$1),FALSE)) - LEN(SUBSTITUTE(VLOOKUP($D118,素材!$1:$1016,COLUMN($F$1),FALSE), "・", 0)) + 1), 0) -> 0 | ... BE118: =IF(ISNUMBER(SEARCH(SUBSTITUTE(BE$1,RIGHT(BE$1,2),""),VLOOKUP($D118,素材!$1:$1016,COLUMN($F$1),FALSE))),VLOOKUP($C118,武器!$1:$998,COLUMN($O$1),FALSE)*VLOOKUP($D118,素材!$1:$1016,COLUMN($E$1),FALSE)/(LEN(VLOOKUP($D118,素材!$1:$1016,COLUMN($F$1),FALSE)) - LEN(SUBSTITUTE(VLOOKUP($D118,素材!$1:$1016,COLUMN($F$1),FALSE), "・", 0)) + 1), 0) -> 0 | CL118: =SUM(G118:I118) -> 0 | CM118: =IF(E118="武器",IF(J118-1>SUM(G118:I118),"盾",IF(MAX(G118:I118)=G118,"切断",IF(MAX(G118:I118)=H118,"貫通",IF(MAX(G118:I118)=I118,"打撃","射撃")))),E118)&".webp" -> 体.webp | CN118: =IFERROR(VLOOKUP($C118,武器!$1:$998,COLUMN(V$1),FALSE)*VLOOKUP($D118,素材!$1:$1016,COLUMN(N$1),FALSE)+IF(CI118="",0,VLOOKUP($CI118,装強!$1:$1008,COLUMN($CK$1),FALSE)),"") -> 200 | CO118: =VLOOKUP(D118,素材!$A:$O,COLUMN(素材!O$1),FALSE) -> 一般的な皮素材で、防具や軽量装備の材料として最適です。耐久性は高くありませんが、軽量で扱いやすい点が特徴です。 | CP118: =VLOOKUP(C118,武器!$A:$W,COLUMN(武器!W$1),FALSE) -> HP 物理 魔法 体幹 出血 疲労 Cr | CR118: ="e_"&ROW(CR118) -> e_118 | CS118: =CN118*100 -> 20000
